review_id,college_id,college_name,review_text,date,source,rating,sentiment_score,word_count,mess_score,professor_score,campus_score,placements_score,infrastructure_score,overall_aspect_score
R0001,1,ALIPURDUAR GOVERNMENT ENGINEERING AND MANAGEMENT COLLEGE,"Collected online review snippets for ALIPURDUAR GOVERNMENT ENGINEERING AND MANAGEMENT COLLEGE:
- Placements: 20% of students got placed in my course. The highest package, no idea. · Infrastructure: Facilities quality is very standard. Hostel and college have ...
- First engineering college in Alipurduar district West Bengal, with 18.45 acres of campus. Student verification Email: verification[at]agemc[dot]ac[dot]in. Quick ...
- Alipurduar Government Engineering and Management College Hostel Tour | AGEMC | @Agemcians#agemc · TOP Government Engineering Colleges | WBJEE ...
- I literally warned so many people in this sub to not take this college. Ami nije Alipurduar thike and until and unless you have financial issues ...
- Alipurduar Government Engineering and Management College, Alipurduar: Admission 2026, Cutoff, Courses, Fees, Placements, Ranking. Alipurduar, ...
- Placements: It is a very good campus with good placements and many opportunities. About 75% of students from our course got placed. About 80% of students got ...
- Alipurduar Government Engineering and Management College is thrilled to celebrate the recognition of Dr. Swalpa Kumar Ray Assistant Professor Department of ...
- Read genuine student reviews and ratings of Alipurduar Government Engineering And Management College to know real experiences. Get insights on academics, ...",2026-04-27,Web Reviews (Serper),3,0.93,114,3.29,1.86,3.29,3.29,3.29,3.0
R0002,2,"Abacus Institute of Engineering & Management, Mogra, Hooghly","Collected online review snippets for Abacus Institute of Engineering & Management, Mogra, Hooghly:
- Teaching quality is very good. The pass percentage is almost 90 %. The semester exams in this college are too easy. This course curriculum is relevant. It ...
- A Big thankful to our college. · Good Faculty members and very much helpful. · Campusing process also very good and lab facilities also also good. +1 More ...
- Excellent environment for learning. Having well equipped laboratories with good infrastructure. Faculties are well experienced and student friendly. 5 years ago.
- The teaching quality is very immersive and interesting. The course curriculum is relevant. In our course, students get ready at the end of the ...
- A: Yes, Abacus Institute of Engineering and Management is a good college. The college has been ranked 286 by The Week for BTech. Abacus Institute of Engineering ...
- Abacus Institute of Engineering And Management Campus Review || AIEM Top College Under Jis & Techno · Comments.
- College is very good ,well infrastructure, good faculties, well educated.Library facilities are available,teachers are very helpfull and friefriendly.campus is ...
- The campus is pretty decent, with all the necessary infrastructure and facilities. The classrooms are clean, and the labs are well-equipped.",2026-04-27,Web Reviews (Serper),4,1.0,106,3.35,5.0,5.0,3.35,3.35,4.01
R0003,3,"Academy of Technology, Adisaptagram, Hooghly","Collected online review snippets for Academy of Technology, Adisaptagram, Hooghly:
- Faculty: All teachers are very helpful. All teachers are knowledgeable and experienced. Good teaching quality. Maximum all teachers are Ph.D. They provide ...
- Good private college with good faculty member · Strictly required 75% attendance for each semester. · I think fees should be less although this ...
- It is the shoddy technical university. The syllabus needs to be updated. More emphasis needs to be placed on practicals than theories. The ...
- Very good college for upcoming generations. ... Our college have all the necessary infrastructure, facilities and equipments.that necessary for all students.
- The college is good overall. This year's placements weren't that great, but the last 3–4 years have been pretty solid.
- Academy of Technology College Review | Placements, Cutoff, Fee #wbjee · Comments. 16. No Branches NBA Accredited. 17:27 · Go to channel Vedantu ...
- Academy of Technology College Review | Placements, Cutoff, Fee | WBJEE 2025 For Direct Admission: Call Now: +91 89619 55880 WhatsApp Us: ...
- Admission: I really like the faculty at AOT. There are 129 teachers, and they're all super qualified and have experience. They come from top places like IITs ...",2026-04-27,Web Reviews (Serper),4,0.98,106,3.33,5.0,3.33,3.33,5.0,4.0
R0004,4,"Adamas University, Barasat","Collected online review snippets for Adamas University, Barasat:
- Infrastructure: The infrastructure is very awesome. The food quality is a bit moderate. Its infrastructure and diverse course offerings are good. It has a well- ...
- I say go for it. The campus is beautiful and they will teach you better than corrupted government colleges. At the end of the day it's on you.
- The environment and campus are excellent, and they provide well-equipped labs for our studies. However, recently, the college has become overly ...
- The faculty members are knowledgeable, helpful and cooperative.The campus is lush green and beautiful with a sturdy infrastructure.
- The management is terrible. They exploit the human resources. They even do not know how to respect the faculties. They are running a vague ...
- WhatsApp ""Guide"" to 8585951111 and jumpstart your career today! Adamas University Review: Is This Kolkata's Most Underrated Private ...
- campus is green, airy and very peaceful. The campus is very well maintained and security is strong. unlike any other residential college the ...
- Overall the college is nice for students to study stress free as the course and the timings are lenient. The placements here are average of 3.5-4L for BTech CSE ...",2026-04-27,Web Reviews (Serper),4,0.99,101,3.35,5.0,5.0,5.0,3.35,4.34
R0005,5,"Aliah University, New Town","Collected online review snippets for Aliah University, New Town:
- The teaching quality is good, with a focus on concepts. The course is relevant and somewhat industry-ready. Exams are moderately difficult, and the pass ...
- Despite the low fee structure, my college provides a good placements. Almost every student of CSE Dept who sit for placement, gets the placement between 4lpa - ...
- The campus is Good. · The placements are not very good ,but few good companies have shown up,if you have decent communication skill you shall be ...
- Aliah University in New Town, Kolkata currently holds an average rating of 4.3 based on user reviews. Checking reviews before visiting or availing services is ...
- WhatsApp ""Guide"" to 8585951111 and jumpstart your career today! Aliah University BTech Review in 2 minute #shorts Considering the BTech ...
- Overall good value for money if you get placed. · Very helpful faculty · The campus provide everything things. · Good college for people living in west Bengal.
- The campus is pretty decent with all the basic amenities. You've got a library, sports facilities, and a cafeteria. The classrooms are well-maintained, and the ...
- Aliah University has a well-maintained infrastructure with adequate facilities. The classrooms, laboratories, and library are spacious and well-ventilated.",2026-04-27,Web Reviews (Serper),4,0.99,116,3.34,5.0,3.34,5.0,3.34,4.0
R0006,6,"Asansol Engineering College, Asansol, Burdwan","Collected online review snippets for Asansol Engineering College, Asansol, Burdwan:
- Placements: Students placed in our course are around 90%. The highest package is 29 LPA, the lowest package is 2 LPA, and the average package is 3 to 4 LPA. The ...
- Teachers are good in my department so it helps us a lot in understanding my subjects from basics . Also there is c programming language in first semester.
- Yes. It is one of the best engineering college in west bengal. It has well maintained and equipped computer labs and highly trained professors ...
- Asansol Engineering College (AEC)'s employee rating of 3.9 out of 5 exceeds the industry average of 3.6 out of 5 for companies within the Education & Training ...
- Asansol Engineering College Review (Honest feedback of PLACEMENT) #aec #asansol_engineering. 11K views · 2 years ago. WEST BENGAL ...more ...
- Overall: Everything is fine in respect of opportunities,studies, facilities.It has ragging free campus.Campus atmosphere is also good.If you are in Paschim ...
- It is a private college with good infrastructure. Asansol Engineering College placements are also good. According to the recent placement drive, students ...
- (AEC) Asansol Engineering College Review | WBJEE & JELET 19 LPA | Campus/Placement/Fee/Cutoff. Auto-dubbed. 30K views · 3 years ago.",2026-04-27,Web Reviews (Serper),3,0.98,112,3.33,3.33,3.33,3.33,3.33,3.33
R0007,7,"B.P. Poddar Institute of Management & Technology, Kolkata","Collected online review snippets for B.P. Poddar Institute of Management & Technology, Kolkata:
- Faculty: Teachers are very helpful and knowledgeable. Their teaching skills are impressive. Students are often dissatisfied with their results. Some perform ...
- The infrastructure is pretty good. It's even better than IEM and all. Heritage is also autonomous and has a better course curriculum. You don't ...
- The placement is quite good. 88% student placed in every year. The average package is around 5 to 6 lpa and the highest package is 12lpa to 14lpa.
- I am immensely grateful to B.P. Poddar Institute of Management and Technology for providing me with the invaluable opportunity to pursue placement at Amazon.
- This institution is highly regarded for its rigorous academic programs and emphasis on research. Students benefit from a robust curriculum.
- Great place with supportive and helpful teachers. Placements: Around 80% of students get offers from different companies. Infosys, Wipro, SAP Lab, TCS, etc. ...
- At BPPIMT, the placement support is excellent, ensuring students are well-prepared for their career paths. The academic faculties are experienced and committed.
- College review for BPPIMT · The faculties are really good and helpful. They are always welcoming. We can ask for help at anytime. · The infrastructure is really ...",2026-04-27,Web Reviews (Serper),4,1.0,109,3.35,5.0,3.35,3.35,3.35,3.68
R0008,8,"Bankura Unnayani Institute of Engineering, Bankura","Collected online review snippets for Bankura Unnayani Institute of Engineering, Bankura:
- The college has good placements because placements are literally pretty good in the college, and there are also top recruiting companies offering jobs to the ...
- Really great campus with greenery everywhere . Futuristic laboratory for technical students. Really helpful teachers teaches us very well with the real world ...
- Rating Summary · Professors are co operative · Good if you just want a graduation degree · Best college in W.B. · Education with enjoyment · Be an engineer at ...
- Good infrastructure and environment.Well-maintained labs and good teachers.Low semester fees compared to other colleges.
- College Review on BANKURA UNNAYANI INSTITUTE OF ENGINEERING | By Easy2Learning Link of the document: ...
- Student Reviews for Bankura Unnayani Institute of Engineering, Bankura ; College Infrastructure: 3.1/5 ; Academics: 3.1/5 ; Placements: 2.2/5 ; Value for Money: 1.5 ...
- Faculty: Teachers are very helpful, highly qualified, and knowledgeable. Their teaching quality is excellent. The course curriculum is relevant and makes ...
- The Bankura Unnayani Institute of Engineering placement has been good since its foundation and the placement rate in BUIE Bankura stands at 85%.",2026-04-27,Web Reviews (Serper),4,0.99,104,3.34,5.0,5.0,3.34,3.34,4.0
R0009,9,"Bengal College of Engineering & Technology, Durgapur","Collected online review snippets for Bengal College of Engineering & Technology, Durgapur:
- Placements: This college is very good. It provides very good faculty members and very good study. Teachers here in this college are very good and they know how ...
- Awesome college with 103 acres of beautiful, green , refreshing campus. · If you want overall development of yourself, its one of the best ...
- Overall experience is good. ... All the medical facilities are available, and sports and games are very good. Wi-Fi is available. Classrooms are clean and all ...
- College Review on Bengal College of Engineering and Technology | By Easy2Learning Link of the document: ...
- Good college · Working environment of Bengal college of engineering and technology is good. · Placement is moderate for engineering students.
- Our college placements are very good. Almost 45% of students got placed in my course. The highest package offered till now is around 9 LPA.
- BCET Durgapur offers good placement with the highest package at INR 12 LPA in 2024. Overall, BCET Durgapur is a decent college.
- Bengal College of Engineering and Technology Review | BCET Durgapur | BCET VS BCREC | Bengal College TOP 10 COLLEGE REVIEW SERIES ☆TOP 10 ...",2026-04-27,Web Reviews (Serper),4,0.99,106,3.34,3.34,5.0,3.34,3.34,3.67
R0010,10,"Bengal Institute of Technology, Dhapa, Kolkata","Collected online review snippets for Bengal Institute of Technology, Dhapa, Kolkata:
- Very good at the college. The teachers are very friendly, as are the students. The classrooms are very good and airy. There are projectors to play slideshows ...
- Bengal College Of Engineering And Technology is an excellent College in terms of placement, administration, education and have a user friendly ...
- The faculty members are helpful and guide students throughout the year.The college is well-maintained, newly painted, and has clean surroundings.
- Genuine review · Infrastructure is very good as they have playground · Location is very good it's outside of city peace. +1 More. Dislikes. A ...
- College Review on Bengal Institute of Technology | By Easy2Learning Link of the document: https://wbjeeb.in/assets/ALPG/PVTENGG/BITD.pdf ...
- It's infrastructure is really good. It's have more than 10 computer labs, more than 15 classroom, one hostel and two library. Those are maintained very well and ...
- Infrastructure is not so bad but above average. Anybody can easily do his/her degree without any regret. And there is not such a particular hostel of college.
- The campus is pretty decent with all the basic amenities. You've got a library, sports facilities, and a cafeteria. The classrooms are well-maintained, and the ...",2026-04-27,Web Reviews (Serper),4,0.98,93,3.34,5.0,5.0,3.34,3.34,4.0
R0011,11,"Bidhan Chandra Krishi Viswa Vidyalaya, Mohanpur, Nadia","Collected online review snippets for Bidhan Chandra Krishi Viswa Vidyalaya, Mohanpur, Nadia:
- Faculty: Pass percentage is 80. Teaching quality is awesome. Exams are hard and the course is absolutely relevant. The students are accepted in foreign ...
- Yes Bidhan Chandra Krishi Viswavidyalaya is one of the East India good Agricultural university & it is depend upon individuals & future plan.
- Beautiful campus with lots of greenery and well-maintained classrooms.Variety of agricultural research institutes and educational wings including Krishi Vigyan ...
- Rating Summary · good efficient and active according to that time . · An average University. · Great University for every Student · Will recoomend not to join. · A ...
- Good work environment and culture. Teammates are supportive and the management is transparent. There is a huge cafeteria and gaming arcade for chilling. Company ...
- Faculty: The teachers are helpful and all of them are Ph.D. holders. They teach like we're their own children. Lack of smart boards make the lectures tough.
- Full Review of Bidhan Chandra Krishi Viswavidyalaya |campus tour |Fees, Placement, Cut off ‪@letsimprove98‬ ‪@TrickstarVivek‬ ...
- What Students Say · The faculty is very experienced and focused on very deep and soundful learning. · The class room facilities are top class and have ac and ...",2026-04-27,Web Reviews (Serper),4,0.99,113,5.0,5.0,5.0,3.34,3.34,4.34
R0012,12,"Budge Budge Institute of Technology, Budge-Budge","Collected online review snippets for Budge Budge Institute of Technology, Budge-Budge:
- As per Shiksha verified reviews, BBIT - Budge Budge Institute of Technology has an impressive review rating of 3.83 by 194 students. See what students say ...
- My Best College · The management here is a bit messed up and needs to be improved · The campus life here is very good. You will feel peace here.
- Faculty is very co- operative. · Good infrastructure. · Good hostel, bus facilities. · High speed internet . · Well designed curriculum. · proper ...
- BBIT Kolkata Honest Student Review | Is Budge Budge Institute of Technology Worth It? | BBIT Review ✓ TZ Bhaiya - Query Form ...
- College Infrastructure. Infrastructure is top notch.the faculties are very helpful, labs are well equipped, liberies have well updated books, ...
- Education System, Faculty, Hostel, Placement, College Fest about all of these our college is better than other college. My college is my pride from where I may ...
- Wonderful campus, labs, education and examinationsystem and good discipline, sports council. As well as best college in Kolkata.
- BBIT 2025 New Fee Structure & Placement Record | Full College Review & Campus Tour. BBIT Admission Helpline No: 9800732768 ⏰ Time: 10:00 AM ...",2026-04-27,Web Reviews (Serper),4,0.99,118,3.35,5.0,3.35,3.35,5.0,4.01
R0013,13,"Calcutta Institute of Engineering & Management, Tollygunge, Kolkata","Collected online review snippets for Calcutta Institute of Engineering & Management, Tollygunge, Kolkata:
- Placements: For study purposes, it's a very good college. Our seniors got the highest salary package of 15 LPA and the lowest of 5 LPA. About 99.7% of our ...
- 1.on campus placements horrible. · 2.Infrastructure not good like other colleges. · 3.Unknown to most in kolkata and around. My Suggestion. Clge ...
- Good faculty. Teachers are friendly, you can contact them anytime. Very Big library. The teachers are very helpful and well qualified also. The teaching quality ...
- CIEM Kolkata offers B.Tech in CSE as its flagship course. The eligibility criteria to get admission is to pass 10+2 with minimum 45% marks in PCM + WBJEE/JEE ...
- The organisation has a homely atmosphere. Employees are very good, as a faculty, and well as a true human being. The personal relationships are the only thing ...
- A: Calcutta Institute of Engineering and Management has been rated 4.8 for faculty as per reviews by students. This shows that Institute has qualified and ...
- Calcutta Institute of Engineering and Management - CIEM. Calcutta Institute of Engineering and Management is one of the premier Engineering Colleges.
- The management is poor. Most of the faculties provided in the management section are arrogant. The improper management of the labs, even though the laboratories ...",2026-04-27,Web Reviews (Serper),3,0.9,109,3.27,5.0,3.27,0.78,3.27,3.12
R0014,14,"Calcutta Institute of Technology, Uluberia, Howrah","Collected online review snippets for Calcutta Institute of Technology, Uluberia, Howrah:
- Medical and sports facilities are average. Quality of labs and classrooms is good. Classrooms are huge and airy. Food served in the canteen is average. Faculty: ...
- Placement is very good here. Having excellence of more than 20 years in this college companies like tech Mahindra, Capgemini, Accenture, IBM, ...
- CIT is very poor place to work. They offers the salary at first and give just half of it. A few teachers are there who get proper salary and all ...
- Comments ; Calcutta Institute of Technology|| Low price Engineering college||offered B.tech&diploma degree||. Sangbad Maiti · 1.9K views ; Millions ...
- Admission Open for 2025-26 Session, Calcutta Institute of Technology, Uluberia, Howrah-711316 #cituluberia #WBJEE2025 #jeemains2025 #education ...
- The college provides good quality education in some departments like Mechanical engineering and CSE.The college has a large campus with good infrastructure.
- The fee is reasonable. The study pressure is good. Most importantly, the discipline in the school is worth appreciating. They will not only ...
- The quality of placement in this college is very good with an average of 80% placements every year. And the basic salary starts with 1.50 lakh yearly. The ...",2026-04-27,Web Reviews (Serper),3,0.98,108,3.33,3.33,3.33,0.84,3.33,2.83
R0015,15,"Camellia Institute of Technology & Management, Bainchi, Hooghly","Collected online review snippets for Camellia Institute of Technology & Management, Bainchi, Hooghly:
- Their teaching quality is good. The guard is very strict during semester exams. The percentage of passing the exam is 40%. Overall it is quite good. Other: I ...
- The education is good here. Faculties are super supportive and kind to every student and my requirement was Btech with Cse branch and i am ...
- Camellia Institute of Technology & Management in Boinchi, Hooghly currently holds an average rating of 4.1 based on user reviews. Checking reviews before ...
- It is one of the best and lush green campuses, but campus placements are not up to the mark. Placements: In our batch, a very low salary package was offered to ...
- Academic Quality: 4.5/5. Faculty Expertise: 4.3/5. Infrastructure: 4.2/5.
- College Review on CAMELLIA INSTITUTE OF TECHNOLOGY, MADHYAMGRAM | By Easy2Learning. 996 views · 1 year ago. #college #btechcse #btech ...more ...
- Overall: University provides a good learning experience, practical knowledge, and opportunities for internships and placements.
- The college was really awesome. Faculty: The teachers are good, helpful, qualified and also more knowledgeable. They teach us very well and always try to give ...",2026-04-27,Web Reviews (Serper),4,0.99,102,3.34,5.0,4.77,3.34,3.34,3.96
R0016,16,"Camellia Institute of Technology, Badu Road, Madhyamgram","Collected online review snippets for Camellia Institute of Technology, Badu Road, Madhyamgram:
- Their teaching quality is good. The guard is very strict during semester exams. The percentage of passing the exam is 40%. Overall it is quite good. Other: I ...
- The education is good here. Faculties are super supportive and kind to every student and my requirement was Btech with Cse branch and i am ...
- College Review on CAMELLIA INSTITUTE OF TECHNOLOGY, MADHYAMGRAM | By Easy2Learning Link of the document: ...
- Camellia Institute Of Technology is rated 1.9/5, based on 10 employee reviews on AmbitionBox. Camellia Institute Of Technology is highly rated for Work-life ...
- Camellia Institute of Technology & Management in Boinchi, Hooghly currently holds an average rating of 4.1 based on user reviews. Checking reviews before ...
- The college was really awesome. Faculty: The teachers are good, helpful, qualified and also more knowledgeable. They teach us very well and always try to give ...
- College infrastructure is good but it can be made more good in the coming years. Canteen is good and different foods are availible. All the labs ...
- Overall: University provides a good learning experience, practical knowledge, and opportunities for internships and placements.",2026-04-27,Web Reviews (Serper),3,0.99,103,3.34,5.0,1.18,3.34,3.34,3.24
R0017,17,"Camellia School of Engineering & Technology, Barasat","Collected online review snippets for Camellia School of Engineering & Technology, Barasat:
- Their teaching quality is good. The guard is very strict during semester exams. The percentage of passing the exam is 40%. Overall it is quite good. Other: I ...
- Faculties are good behavior but the student ratio is poor. Of regular students, 20% are present on college premises. Qualified teachers but teaching methods ...
- CAMELLIA PUBLIC SCHOOL- MADHYAMGRAM. Camellia Public School Budbud · 5.3K views ; Engineering Degree Tier List (2026) | From A REAL ENGINEER.
- Camellia School Of Engineering & Technology in Barasat,Kolkata listed under Engineering Institutes in Kolkata. Rated 3.4 based on 318 Customer Reviews and ...
- Infrastructure: The infrastructure was good. All facilities were decent. Our campus had good environment. The food served in the hostel was good.
- Student Reviews for CSET Kolkata · Good · It was dissapointing. Administration is terrible. · Absolutely dissatisfied because of placements and ...
- College Review on CAMELLIA SCHOOL OF ENGINEERING AND TECHNOLOGY, BARASAT | By Easy2Learning Link of the document: ...
- Camellia is one of the bad engineering college in barasat.my brother have done b.tech from here on 2016.The faculty is not higher technicaly ...",2026-04-27,Web Reviews (Serper),2,0.33,105,2.78,0.63,2.78,0.29,2.78,1.85
R0018,18,"College of Engineering and Management, Kolaghat","Collected online review snippets for College of Engineering and Management, Kolaghat:
- Teachers are very helpful and the teaching process is also good. The faculty is undoubtedly nice. Around 95% of students pass the semester examination. Other: I ...
- Fees around 1.2 lakh per year, reasonable for govt aided college. Gets labs, hostels, events for that, hostel extra 50k year. Placements okay so ROI good if ...
- The classrooms are spacious and good for studying. The labs have AC and cover various subjects. The food in the hostel is just okay, maybe a 5/10. It's better ...
- College Of Engineering & Management employees reviews. Explore employee reviews & ratings for top companies on AmbitionBox.
- College of Engineering and Management Kolaghat Reviews on Placements, Faculty & Facilities. Map Pin Icon West Bengal - Other. Star Icon 3.9 /5.
- Institute of Engineering & Management is a private college located in Kolkata, West Bengal, India. It is the oldest private engineering ...
- College Review on College of Engineering and Management, Kolaghat | By Easy2Learning. 543 views · 1 year ago. #college #btechcse #btech.
- College Of Engineering & Management Studies in Shirur, Pune currently holds an average rating of 3.6 based on user reviews. Checking reviews before visiting or ...",2026-04-27,Web Reviews (Serper),4,0.96,119,3.32,5.0,3.32,3.32,3.32,3.66
R0019,19,"Cooch Behar Government Engineering College, Cooch Behar","Collected online review snippets for Cooch Behar Government Engineering College, Cooch Behar:
- Their teaching quality is good. The curriculum is relevant and up-to-date, and it makes us industry-ready. The semester exams are a bit difficult but not ...
- Ok! Reviews! Here goes the pros:- You will get the best bunch of teachers who are ready to help you in any situation.
- College faculty members are very good behaviour and all faculty need to improve students knowledge · Campus quality very good because all campus ...
- Cooch Behar Government Engineering College in Ghughumari, Cooch Behar currently holds an average rating of 4.3 based on user reviews. Checking reviews before ...
- Cooch Behar Government Engineering College Full Review For Both WBJEE & JELET 2021 Students | Review On - Campus, Course, Branch, ...
- View genuine student's reviews for Cooch Behar Government Engineering College, Cooch Behar. Know what students and alumni say about Cooch Behar Government ...
- This is a very good institution and it has various facilities for the students. Faculties here are very friendly with students.
- I'm planning to go to govt college in Cooch Behar. 14k rank, in EE. College looks pretty nice on google tho. Can anyone tell me about the ...",2026-04-27,Web Reviews (Serper),3,0.99,109,3.34,5.0,1.19,3.34,3.34,3.24
R0020,20,"Dr. B. C. Roy Engineering College, Durgapur","Collected online review snippets for Dr. B. C. Roy Engineering College, Durgapur:
- Infrastructure: The college has an overall good infrastructure. Classrooms are quite spacious and labs have all the modern instruments. Personally being a CSE ...
- They have a beautiful campus and a modern infrastructure to cater to students' needs. The college has an excellent lineup of highly qualified ...
- Placement is not so good. on internship opportunities is not also provided. · Fees structure are very bad. if it some low cost then more better ...
- Good environment within campus. Work-life balance is good. Promotions and increments are on time(except this covid situation). Motivation for higher studies.
- Top Best Private Engineering College at Durgapur "" Dr. B.C. Roy Engineering College, Durgapur Full College Review.
- Some students mentioned harassment by professors for attendance and strict restrictions on study.There were complaints about lack of placements in management ...
- The campus life is good enough. The students,the seniors are friendly. The teachers,staff,guards are also very friendly. It feels like home. It's location is ...
- A: As per Shiksha verified reviews, Dr. B.C. Roy Engineering College has an impressive review rating of 3.85 by 400 students.",2026-04-27,Web Reviews (Serper),4,0.99,104,3.34,4.77,5.0,3.34,3.34,3.96
R0021,21,"Dr.Sudhir Chandra Sur Institute of Technology and Sports Complex, Dum Dum","Collected online review snippets for Dr.Sudhir Chandra Sur Institute of Technology and Sports Complex, Dum Dum:
- A: Sur Institute of Technology and Sports Complex has been rated 4.08 for Faculty as per the Shiksha verified reviews by students. This represents that ...
- Dr. Sudhir Chandra Sur Institute of Technology & Sports Complex, located in Kolkata. The college is one of the top among the 30 institutions in West Bengal.
- It`s a very good private engineering college with Best faculty Members who are always ready to help the students. 5 years ago. Helpful. Comment.
- College Review on DR. SUDHIR CHANDRA SUR INSTITUTE OF TECHNOLOGY & SPORTS COMPLEX | By Easy2Learning Link of the document: ...
- It has accreditation by NAAC at a grade of 'A'. Dr. Sudhir Chandra Sur Institute of Technology & Sports Complex has B.Tech, M.Tech, Diploma, BBA and BCA ...
- Rating Summary · Worst college in Kolkata · Decent college you can have this in your options · College is very good, most experienced teachers are present.
- These college have beautiful infrastructure and good facilities, here the faculty members are very helpful. And they have peaceful library to ...
- A: As per Shiksha verified reviews, Sur Institute of Technology and Sports Complex has an impressive review rating of 3.43 by 140 students.",2026-04-27,Web Reviews (Serper),4,0.98,110,3.34,5.0,5.0,3.34,3.34,4.0
R0022,22,"Dream Institute of Technology, Bishnupur, 24-Parganas-South","Collected online review snippets for Dream Institute of Technology, Bishnupur, 24-Parganas-South:
- Labs are quite good and well-maintained. Classrooms are neat and clean and have a good environment to study. Medical facilities available here are satisfying.
- Good infrastructure and facilitiesHelpful and friendly faculty membersWell-equipped labs and modern workshopsProper placement assistance at the end of the ...
- Remarks: Overall i would say its a good institute. Campus is very beautiful and faculties infrastructure are also good. ...Read More. 4. 3.
- The placement of our college is quite decent as almost 80% of the students get placed. The highest package salary is around 7 LPA which was given to CSE ...
- Dream Institute of Technology situated in Kolkata, West Bengal, founded in 2006 . It holds accreditation from AICTE and is affiliated with MAKAUT, Kolkata .
- Dream Institute of Technology has both positive and negative sides, displaying a mixed review. First, Dream Institute of Technology boasts ...
- Dream Institute of Technology was established in 2006 and is one of the best private engineering colleges in South Kolkata.
- Start your engineering journey at Dream Institute of Technology -DIT, one of Kolkata's best colleges. Admissions are now open for Civil Engineering.",2026-04-27,Web Reviews (Serper),4,0.99,110,3.34,5.0,5.0,3.34,3.34,4.0
R0023,23,"Dumkal Institute of Engineering & Technology, Dumkal, Murshidabad","Collected online review snippets for Dumkal Institute of Engineering & Technology, Dumkal, Murshidabad:
- The classrooms are very good. The infrastructure of our college is very good. All the necessary books are there in the library. Always there is a doctor on the ...
- Dumkal Institute Of Engineering And Technology in Basantpur, Murshidabad currently holds an average rating of 3.9 based on user reviews. Checking reviews before ...
- This college is suitable for learning skill. The teacher are very helpful and Eco-friendly for students. The infrastructure of college is very good. But the ...
- Admission: The teachers were really good and helpful. Our college is linked with State University for Technical Education. The courses are just as good as other ...
- DUMKAL INSTITUTE OF ENGINEERING & TECHNOLOGY Review #DumkalInstituteReview #EngineeringCollegeReview. 17. Dislike.
- Placements: There are very poor placements. · Infrastructure: The infrastructure is very good. · Faculty: The faculty members are qualified enough especially in ...
- This College is good for any B.Tech course. Placement is Average & Minimum Annual Package is 2.4LPA. Teachers Behaviour is also good & Helpful.
- Dumkal Institute of Engineering and Technology, Murshidabad offers undergraduate and postgraduate level courses in the field of engineering and architecture.",2026-04-27,Web Reviews (Serper),3,0.98,97,3.34,5.0,1.18,0.84,3.34,2.74
R0024,24,"Durgapur Institute of Advanced Technology & Management, Durgapur","Collected online review snippets for Durgapur Institute of Advanced Technology & Management, Durgapur:
- A: Durgapur Institute of Advanced Technology and Management has been rated 3.3 on placements on the basis of 109 reviews done by students.
- GREAT COLLEGE DIATM, DURGAPUR · HELPFUL NATURE OF TEACHERS, THEY CAN GUIDE YOU TO GET A GOOD PLACEMENT. · GOOD FACILITIES IN CLASSROOM LIKE AC ...
- Can answer this question succinctly. You can verify from any person who has passed out of this place. Admission: You get in with high hopes.
- Placement quality is somewhat poor, as not so many company visits our college. Being a private tier-3 college, maximum of 5-8 companies visit ...
- Durgapur Institute of Advanced Technology and Management was established in 2002. It is one of the best institutions in Durgapur. This affiliated college ...
- Placement: My first year at college was pretty good for everyone. The placements weren't top-notch, but they were decent compared to other colleges. Last year, ...
- Home/ Reviews & Ratings/ Review. View College Details. College Reputation. 66%. Recommended. Read all the Reviews. Popular Colleges. Annasaheb Waghire College ...
- The Faculty members of ECE/MECH/EE are talented enough and help the students to grow up the academic ladder. The CSE/IT dept is also very well-equipped.",2026-04-27,Web Reviews (Serper),3,0.98,111,3.34,5.0,3.34,0.84,3.34,3.17
R0025,25,"Elitte College of Engineering,Mahispota, Sodepur","Collected online review snippets for Elitte College of Engineering,Mahispota, Sodepur:
- Labs are fully equipped. Computer facility is also available. There are two canteens. The quality of the food served is very good, and the price is affordable.
- Remarks: It's a great college with estimed faculties with good knowledge with a very low cost and with a good structure. ...Read More. 3. 1.
- Elitte College of Engineering Reviews on Placement, Faculty, Hostel by Students. Kolkata, West Bengal 4/5 (1 Review). Elitte College of ...
- Elitte College of Engineering Reviews ... Overall very good. I have completed my graduation in this College. B.Tech in the discipline of Civil Engineering ( ...
- College infrastructure overall good. Have all the necessary facilities and equipments available. All amenities are well maintained cleanies ...
- Communication system is poor, and the college is hard to reach from Sodepur station.Teachers are not permanent, changing frequently for a single subject.
- Faculty: Great, all teachers are helpful. Great practical classes & labs available. You should understand better. There is just a great environment for study.
- Elitte College of Engineering Kolkata according to Student Reviews ; Overall Score, 3.9/ 5 ; Academic, 4.1/ 5 ; Faculty, 4.6/ 5 ; Infrastructure, 3.75/ 5.",2026-04-27,Web Reviews (Serper),4,0.99,106,3.34,5.0,5.0,0.85,3.34,3.51
R0026,26,"FACULTY OF TECHNOLOGY, UTTAR BANGA KRISHI VISWAVIDYALAYA","Collected online review snippets for FACULTY OF TECHNOLOGY, UTTAR BANGA KRISHI VISWAVIDYALAYA:
- Faculty: The faculty is well-qualified and very helpful, but the backing management is very poor (typical of a government college). The curriculum also matches ...
- 6. It has not received NAAC A+ or higher rating which makes it a terrible option if you're considering foreign admissions after your BTech. 7.
- The curriculum is amazing . You didn't have to study chemistry and engineering graphics for first year. The C language will introduce in first sem for all ...
- Abitatha shares some insights received about Faculty of Technology, University of Delhi received from seniors already studying in this ...
- All about BTech at Delhi University | Podcast with Student | Faculty of Technology | Admission Guide
- The main highlight of this college is excellent faculty only and if one wants to study and be a good person in life then they can definitely opt in.
- faculty of technology is a small campus yet sufficient for us. the colleges has one building and 3 branches and the class strength is small .
- WhatsApp ""Guide"" to 8585951111 and jumpstart your career today! Faculty of Technology, DU Students Review | Fees, Faculty, Placements & More ...",2026-04-27,Web Reviews (Serper),3,0.97,98,3.32,5.0,0.84,0.83,3.32,2.66
R0027,27,"Future Institute of Engineering & Management, Sonarpur","Collected online review snippets for Future Institute of Engineering & Management, Sonarpur:
- Overall very good and very nice. The department has actively engaged students through hands-on training, field internships, and specialized coaching for slow ...
- I am from the IT department, facilities are extremely friendly and helpful, they are always ready to help. More than 85% of the students got ...
- College placements are well provided here..internships are encouraged as well which helps the students prepare for real life work experience as well.
- https://bit.ly/Shiksha... Future Institute of Engineering and Management BTech Review Hit this link to jumpstart your career: ; https://wa.me/ ...
- Overall, placements are reasonable but depend a lot on individual effort and preparation. Value for Money. The course fee is reasonable compared to many private ...
- Comments ; Future Institute Of Engineering and management College Review|| Fiem || cut offs , Placements, Fees. Vivek [IIT IIM] ; Future Institute ...
- I'm saying it is better than other colleges In terms of placement but if u really work hard eventually you will get into a good/dream company.
- Future Institute of Engineering and Management or FIEM is a private college in Kolkata, West Bengal. The college was established in 2001.",2026-04-27,Web Reviews (Serper),4,0.96,109,3.31,5.0,3.31,3.31,3.31,3.65
R0028,28,"Future Institute of Technology, Boral, Garia","Collected online review snippets for Future Institute of Technology, Boral, Garia:
- Placements: Placements at this college are not very good. Only 30% of students got placements. The average salary package offered is 3.2 LPA.
- Superb Faculty. They help you out anytime with anything. · Well maintained labs. · Air conditioned library. It actually motivates you to go ahead ...
- The course curriculum was good enough. The curriculum prepared me wel enough for real world applications as I was interested in robotics.
- Future Institute Of Technology in Boral, Kolkata currently holds an average rating of 4.0 based on user reviews. Checking reviews before visiting or availing ...
- https://bit.ly/Shiksha... Future Institute of Engineering and Management BTech Review Hit this link to jumpstart your career: ; https://wa.me/ ...
- Overall, it was average infrastructure. Faculty: Teachers were helpful, but not all of the professors were the same. Course syllabus is relevant, but not that ...
- Future Institute of Technology has been rated 4 out of 5 in faculty as per the CollegeDunia verified reviews by students. This represents that the Institute has ...
- Student's Feedback | Future Institute of Engineering & Management | College Review ... technology,techno main salt lake,tmsl,techno india group, ...",2026-04-27,Web Reviews (Serper),3,0.67,103,3.07,5.0,0.92,3.07,3.07,3.03
R0029,29,"Gargi Memorial Institute of Technology, Baruipur, Kolkata","Collected online review snippets for Gargi Memorial Institute of Technology, Baruipur, Kolkata:
- Review of Gargi Memorial Institute of Technology. Placements: 95% of students got placed from my course. The highest package is 1.2 LPA, the lowest is 4 LPA ...
- Excellent · Cultural and sports environment and cooperation of every faculty members and students are very good. All facilities granted every ...
- Infrastructure is average.Moderate upgrades required. Hostel can be better.classes are well . Labs and other facilities good. Campus is well large and the ...
- Most horrific college to study. No proper placement. No proper teaching staff available. The boys hostel is a place for drunkards and stoners. No...More.
- Gargi Memorial Institute of Technology Honest Review | GMIT Kolkata Placement | GMIT location |WBJEE Do smart study — not hard study ✊ .
- 56% recommend (24 Reviews). 󰛏. Closed now. 󰘛. Gargi Memorial Institute of Technology Balarampur, Mouza Beralia, Baruipur., Kolkata, India, 700144. Links. 󰤂.
- Gargi Memorial Institute of Technology has been ranked 31 under the Colleges' category48 specialized labs, with a fully equipped workshop.
- It has a good overall ranking among DU colleges. · The college infrastructure is great, especially the new built auditorium. · The crowd is decent ...",2026-04-27,Web Reviews (Serper),3,0.96,113,3.32,3.32,3.32,3.32,3.32,3.32
R0030,30,"Ghani Khan Choudhury Institute of Engineering & Technology, Malda","Collected online review snippets for Ghani Khan Choudhury Institute of Engineering & Technology, Malda:
- Overall, the experience has been average to good. The hostel is good. Faculty: Faculty members are average to good. They are generally helpful and supportive, ...
- The Good college and very good. · The campus is very good. Night walk and the morning walk is very good. · The Hostel is in nice position. And the ...
- tbh not worth it , its were remotely location though its a GFTI so the facilities are good but placement is below par.
- Academically the college is good with supportive teacher's and mentors . The teaching quality is also good it varies department to department, overall every ...
- College Review on Ghani Khan Choudhury Institute of Engineering and Technology | By Easy2Learning Link of the document: ...
- The facilities are good. The faculties of every Department are overall good. Hostels of both boys and girls are available. M. Mehul kumar • B.
- Which college is better for electrical engineering, University of Technology Burdwan or Ghani Khan Choudhury Institute of Engineering & Technology?
- Comments · Ghani Khan Choudhury Institute of Engineering and Technology Campus Tour | GKCIET | CFTI | Alisha · TOP Engineering Colleges through ...",2026-04-27,Web Reviews (Serper),4,0.99,104,3.34,5.0,3.34,3.34,3.34,3.67
R0031,31,"Global Institute of Management and Technology, Krishnanagar, Nadia","Collected online review snippets for Global Institute of Management and Technology, Krishnanagar, Nadia:
- The teaching quality is good. They solve every query with a valid example. The course curriculum is relevant. It makes students industry-ready. Semester exams ...
- Its a really good college with all facilities and it's cut off last year was also high. All teachers are very supporting and solve all your ...
- Global Institute of Technology and Management's employee rating of 4.3 out of 5 exceeds the industry average of 3.6 out of 5 for companies within the Education ...
- The teaching quality is excellent. The course curriculum is relevant, and it makes students industry-ready. The semester exams in our college are not difficult.
- Global Institute of Technology and Management (GITM) BTech Review · Comments. 32. 90% content shown in this video is pure lie. U will know after ...
- The curriculum is relevant and comprehensive, covering core and advanced topics. It preps well for real-world and academics. More hands-on projects needed.
- Global Institute Of Management & Technology in Noida Sector 2, Noida currently holds an average rating of 3.6 based on user reviews. Checking reviews before ...
- The college is that much bad that they didn't even see your emails. I thought that the private college are bad but this one is worst. A.",2026-04-27,Web Reviews (Serper),2,-0.12,110,2.4,2.4,0.25,2.4,2.4,1.97
R0032,32,"Goverment College of Engineering and Leather Technology, Kolkata","Collected online review snippets for Goverment College of Engineering and Leather Technology, Kolkata:
- Their teaching quality is very good. The course curriculum is modern. Teachers are very helpful in completing our assignments, for placement-related guidance, ...
- Timings of the college is one of the best things i.e from 7:30 A.M to 1:00 P.M. · Staff i.e lecturers are very knowledgeable, most of them are M.
- Government College Of Engineering And Leather Technology in Bidhan Nagar IC Block, Kolkata currently holds an average rating of 4.2 based on user reviews.
- Not a very good college to be honest. The faculty members are below average and there is very less placement opportunity.
- ... leather technology, aliah university, cooch behar government engineering college, ghani khan choudhury institute of engineering and technology.
- The placement percentage at Government College of Engineering and Leather Technology (GCELT) Kolkata for the year 2023 was 45%. This indicates ...
- It has a beautiful college campus, full of varieties of trees and plants, located near the Salt Lake Stadium, Salt Lake. The professors are experienced and ...
- wbjee2023 #jelet2023 #gcelt Government College of Engineering and Leather Technology Review | Government B.tech College | GCELT TOP 10 ...",2026-04-27,Web Reviews (Serper),4,0.97,104,3.33,5.0,5.0,3.33,3.33,4.0
R0033,33,"Govt. College of Engg. & Textile Technology, Berhampore","Collected online review snippets for Govt. College of Engg. & Textile Technology, Berhampore:
- It is a very good college, located near the Ganga river. The view from the college is amazing. I like it very much. Infrastructure: Our college has free Wi-Fi, ...
- Placement of the college is excellent. Placement cell guide us very well. The highest package was offered by software company of 6 lpa. Textile department has ...
- The teaching quality is outstanding and superb for the students. The course is relevant for all the students and it makes students ready for the industry. Other ...
- According to me one of the worst college. Forget about any kind of campusing. Everyone should avoid this kind of so called Government colleges.
- The on campus placements of this college is very good. More than 95% students from Textile Technology department got on campus placement in this ...
- Govt. College of Engineering and Textile Technology, Serampore, is one of the pioneer institutions in India in the field of Engineering and ...
- Also it is one of the only three colleges that provide this field alongside Calcutta University and GCETT berhampore. Should I consider it? So ...
- Government engineering education at a reasonable cost · High percentage of placements in the textile industry · Strong academic foundation and research support.",2026-04-27,Web Reviews (Serper),4,0.98,105,3.34,3.34,3.34,5.0,3.34,3.67
R0034,34,"Govt. College of Engineering & Ceramic Technology, Kolkata","Collected online review snippets for Govt. College of Engineering & Ceramic Technology, Kolkata:
- It is a nice college. Classes are regular. Infrastructure: Facilities at the college are excellent. Infrastructure is also good, but the campus is small.
- Placement Experience: Placement are very good. 100% placement in this course, and cse & IT 's placement week, but ceramic placement is 100% .
- While GCECT is a government one, HIT scores itself among the privates. Every college is an emotion to its students. It's worth noting that both ...
- As per Shiksha verified reviews, Government College of Engineering and Ceramic Technology has an impressive review rating of 3.3 by 52 students. Got more ...
- The Government College of Engineering and Ceramic Technology (Full Review) formerly known as College of Ceramic Technology, ...
- Government College of Engineering and Ceramic Technology, Kolkata has been shaping engineering careers for over eight decades. The institution was established ...
- The only full-fledged college in India offering B. Tech, M. Tech. and Ph. D. programs in Ceramic Technology along with hands on trainings in traditional ...
- This is a good college. Facilities are good. Teachers are helpful always free for students. Infrastructure are good but the campus is small. Family friendly ...",2026-04-27,Web Reviews (Serper),4,0.99,106,3.34,5.0,0.86,5.0,3.34,3.51
R0035,35,"Govt. College of Engineering & Textile Technology, Serampore","Collected online review snippets for Govt. College of Engineering & Textile Technology, Serampore:
- It is a very good college, located near the Ganga river. The view from the college is amazing. I like it very much. Infrastructure: Our college has free Wi-Fi, ...
- The teaching quality is outstanding and superb for the students. The course is relevant for all the students and it makes students ready for the industry. Other ...
- The on campus placements of this college is very good. More than 95% students from Textile Technology department got on campus placement in this ...
- According to me one of the worst college. Forget about any kind of campusing. Everyone should avoid this kind of so called Government colleges.
- Govt. College of Engineering and Textile Technology, Serampore, is one of the pioneer institutions in India in the field of Engineering and ...
- Also it is one of the only three colleges that provide this field alongside Calcutta University and GCETT berhampore. Should I consider it? So ...
- Government engineering education at a reasonable cost · High percentage of placements in the textile industry · Strong academic foundation and research support.
- The faculties are the best part of this college as all the professors are highly qualified, helpful, and knowledgeable. Most of them have ...",2026-04-27,Web Reviews (Serper),4,0.99,99,3.34,5.0,3.34,5.0,3.34,4.0
R0036,36,"Greater Kolkata College of Engineering & Management, Baruipur","Collected online review snippets for Greater Kolkata College of Engineering & Management, Baruipur:
- Their teaching quality is excellent. The curriculum is industry-relevant and prepares us well. Exams are not very tough like JEE or NEET. The pass percentage is ...
- This College is very nice college. The teachers are Very well friendlier with the students. Every teachers helps us in so many tough situation.
- The placement of our college is really good. From our college many of our final year students got placement. Last year the highest package was ...
- Everything in the college is awesome. Nice campus and very good faculty teachers. 4 years ago. Helpful. Comment.
- Greater Kolkata College of Engineering and Management has been rated 4.6 for faculty as per reviews by students. This shows that Institute has qualified and ...
- Greater Kolkata College Of Engineering & Management ; Details. 󰡍. 100% recommend (33 Reviews) ; Links. 󰤂. gkcem.ac.in ; Contact info. 󰛪. +91 90736 83915.
- Likes. The descent behavior of M D. and the beautiful natural environment . Dislikes. The indecent behavior and humiliating activities of lady principal.
- Student Testimonials Greater Kolkata College of Engineering & Management Home / Training & Placement.",2026-04-27,Web Reviews (Serper),4,0.99,105,3.34,5.0,5.0,5.0,3.34,4.34
R0037,37,"Guru Nanak Institute of Technology, Panihati, Sodepur","Collected online review snippets for Guru Nanak Institute of Technology, Panihati, Sodepur:
- Infrastructure: Infrastructure is very good for this course. Hostel food is average. Medical facilities are very good. 3 grounds are there for sports. Best ...
- The people and the atmosphere is very good..teachers are very helpful and interactive..and cantine food also very tasty and healthy.The campus ...
- GNIT REVIEW · Excellent campus infrastructure and high tech auditoriums and Classrooms with excellent Faculties and Management system. · Ragging ...
- Placements at Guru Nanak Institute of Technology are decent, with about 85–90% students placed mainly in IT companies. Average package is around ₹5–6 LPA, while ...
- Placements: On average, from my department, above 75 percent of students get placement. In the previous year, the highest package was 20 LPA.
- Direct Admission 91534 55568 / 8585099435 Welcome to Sachin Yadav Vlogs! In this video, I bring you the full review of GNIT (Guru Nanak ...
- It is a good college for study. They have designed their course curriculum in such a way that it is beneficial for everyone. campus life is very good and ...
- GNITKolkata or Guru Nanak Institute of Technology College Review placements, fees, campus tour, ranking etc is discussed in the video.",2026-04-27,Web Reviews (Serper),4,0.99,108,5.0,5.0,3.34,3.34,3.34,4.0
R0038,38,"Haldia Institute of Technology, Haldia, Purba Medinipur","Collected online review snippets for Haldia Institute of Technology, Haldia, Purba Medinipur:
- The college is really good. Placement rate is 90 percent so I recommend this college. This college campus invites good companies like Capgemini, TCS, and Jio.
- The college has a very good learning environment along with many co-curricular activities. The faculty members are very helpful. The college ...
- Teacher are so good. they behave very well. they support all time; Yes, they provide scholarship fees, the job opportunities are also good and placements ...
- All Admission Staff, Faculty staff, Security & Safety staff are excellent, Working Environment is fabulous. For being a Staff at HIT I really feel very proud.
- Haldia Institute of Technology Honest Review | Placement, Hostel & Campus Life · Comments. 96. The actual review what I'm waiting for . 21:23.
- Several students have complained about hidden fees and extra charges.A few users have criticized the management's politics with students.Some reviewers have ...
- Kiit has a very extensive campus placement procedure and they have also got a strong alumni network, so not getting a job sounds like a legit ...
- I feel it offers good value for money because the quality of education is strong-the faculty are experienced and supportive, and there's good lab infrastructure ...",2026-04-27,Web Reviews (Serper),4,1.0,117,3.35,5.0,5.0,5.0,3.35,4.34
R0039,39,"Hemnalini Memorial College of Engineering, Haringhata","Collected online review snippets for Hemnalini Memorial College of Engineering, Haringhata:
- This is very good college of my side. All facaulty are very knowledgeable. Teachers are very good for every subject. This is one of my best college.
- Read over 3 Hemnalini Memorial College of Engineering Kalyani Reviews on Placements, Faculty, Hostel Rooms and Food as given by students and ...
- A: Hemnalini Memorial College of Engineering provide good facilities all around the campus such as Cafeteria, Hospital / Medical Facilities, Hostel, Labs, ...
- Likes. Very bad ambience. The authority is absolutely autocratic. There is no job security. They didn't even pay my last month salary ...
- Hemnalini Memorial College of Engineering facilities include library, IT infrastructure, cafeteria, laboratories, guest room, hostel, and more ...
- Hemnalini Memorial College of Engineering Kalyani according to Student Reviews ; Overall Score, 3.9/ 5 ; Academic, 4.5/ 5 ; Faculty, 4.35/ 5 ; Infrastructure, 4/ 5.
- Yes, Faculty at Hemnalini Memorial College of Engineering are pretty well-qualified and remarkably supportive with loads of experience under ...
- Hemnalini Memorial College of Engineering - [HMCE] Kalyani, Haringhat. Home/ Reviews & Ratings/ Review. View College Details ...",2026-04-27,Web Reviews (Serper),4,0.97,108,3.32,5.0,3.32,3.32,3.32,3.66
R0040,40,"Heritage Institute of Technology, Kolkata","Collected online review snippets for Heritage Institute of Technology, Kolkata:
- Teaching quality is around 8/10, and all teachers are average. The course curriculum is relevant and makes students industry-ready. The semester exams in our ...
- a well developed infrastructure,very well equipped facilities,a well efficient canteen is available in heritage.placement is also quite good.
- Deep Insights · The college is affordable and it is one of the best colleges of this region · The faculties are thorough in ther subjects,they are approachable ...
- 4 te test hoy 3/4 is good enough, ar most teachers usually conduct a 5th test incase anyone misses any one out of the four. Good luck.
- Hit this link to jumpstart your career: https://wa.me/918585951111?text=career-guide Heritage Institute of Technology BTech Review Discover ...
- Heritage Institute Of Technology in East Kolkata Township, Kolkata currently holds an average rating of 4.2 based on user reviews. Checking reviews before ...
- Comments · Campus Tour of Heritage Institute of Technology | Biggest Private College Campus in Kolkata? · Why 50% of Engineers DON'T Graduate.
- Overall: College campus is fantastic and the environment is good for studying. The college has recently started teaching this course and the ...",2026-04-27,Web Reviews (Serper),3,0.98,110,3.34,3.34,1.18,3.34,3.34,2.91
R0041,41,"Hooghly Engineering & Technology College, Hooghly","Collected online review snippets for Hooghly Engineering & Technology College, Hooghly:
- The teaching quality is very good with good demonstration. The curriculum is relevant. It makes the students industry ready, with industrial training and ...
- Placement are very good mainly core branch like ee, civil, mechanical, ece all are placed surely and cse students almost 90% placed.
- It is one of the best colleges in that area with NBA accreditation and has recently became autonomous. · Good placements (got placed in ...
- Hooghly Engineering and Technology College, Hooghly. 51094 likes · 495 ... Details. 󰡍. 80% recommend (21 Reviews). 󰘛. Vivekananda Road,Pipulpati,Hooghly ...
- Faculty members are helpful and supportive.Good infrastructure and facilities, including well-equipped labs and a library.Friendly environment and good ...
- The infrastructure of the college is astounding. There are well-structured rooms, decent libraries, modern spaced classrooms, and so on. Furthermore, the campus ...
- Hooghly Engineering and Technology College is a self financed engineering college run by the Hooghly Engineering & Technology College ...
- The faculty is highly qualified and has good teaching skills. The campus is well-equipped and spacious. The fee structure is affordable. The ...",2026-04-27,Web Reviews (Serper),4,0.99,103,3.34,5.0,5.0,3.34,3.34,4.0
R0042,42,"Ideal Institute of Engineering, Kalyani","Collected online review snippets for Ideal Institute of Engineering, Kalyani:
- Infrastructure: College is well decorated and it is very easy to reach. Classroom atmosphere was great. Food in the canteen was very cheap and very good quality ...
- Reviews for Ideal Institute Of Engineering in Kalyani Station Road, Kalyani · Reasonable fees (6) · Adequate security (6) · Extracurricular activities (4).
- Below Average college with poor placement but friendly faculty members can consider only if you have no other options · Very Beautiful but very ...
- Overall: Quality ECE Education with Good Industry Exposure The ECE department offers strong academics, skilled faculty, and modern labs.
- Good college for B.Tech with scope for growth in placement opportunities. Placements: In my B.Tech course at Ideal Institute of Engineering around 60-70 ...
- However, with an overall rating of 2.4 out of 5 from over 8 employee reviews, it's clear that most employees have a below average experience working at Ideal ...
- IIE is a very good college. The campus is good. The faculties are very knowledgeable and helpful. It provides a great atmosphere for education and learning.
- Campus: The college is pretty cool. It's huge with 3 buildings and 4 floors. The library is nice and quiet, and the staff are really good. They've got Wi-Fi ...",2026-04-27,Web Reviews (Serper),5,1.0,109,5.0,5.0,5.0,3.35,5.0,4.67
R0043,43,"Imps College of Engineering & Technology, Malda","Collected online review snippets for Imps College of Engineering & Technology, Malda:
- Placement is average. Pre campus training is good. Lab facilities are average. Hostel is just fine. But if someone really wants to study, they can have lot of ...
- The curriculum was average and moderate real world applications were provided by the college.The labs and the faculty could be developed and more skill the ...
- A: IMPS College of Engineering & Technology - IMPSCET has been rated 3.7 for faculty as per reviews by students. This shows that Institute has qualified and ...
- Reviews for I M P S College Of Engineering & Technology in Kamalabari, Malda ; Rohit Mukherjee. 2 reviews. 5.0 ; PUSHKAR UPADHYAY. 58 reviews. 4.0 ; RAJU MANDAL. 4 ...
- 5. Highly Qualified and Experienced Faculty Members 6. Active and Efficient Placement Cell, which provided an excellent placement record of above 80% in the ...
- Admission: The teachers here are amazing. They are really nice and teach us well. The course prepares us for the industry. Exams are not too hard. The teachers ...
- The college infrastructure is impressive and well maintained. The campus is spacious and has modern facilities that cater to the needs of ...
- Here, you will find comprehensive details about the admission process, annual fees, school results, reviews, ratings, and contact information for IMPS College ...",2026-04-27,Web Reviews (Serper),4,0.99,108,3.34,5.0,5.0,3.34,3.34,4.0
R0044,44,"Institute of Pharmacy, Jalpaiguri","Collected online review snippets for Institute of Pharmacy, Jalpaiguri:
- It is a great college. Placements are good and the faculty members are also helpful. Placements: 80% of students get placed after passing out from this college.
- It is a good college to pursue diploma in pharmacy. Placements: Most of the students do not opt for placements but pursue higher studies like bachelor's and ...
- The college has a good reputation and is well-known for its pharmacy courses. The course curriculum is well-organized and relevant to the ...
- Faculty: All the teachers in our college are very helpful, well-qualified, and knowledgeable. Teaching quality is good. The course curriculum is relevant and ...
- Quality faculty and experienced professorsWell-furnished classrooms providing a great learning atmosphereGood teaching and support staffGood infrastructure ...
- Institute of Pharmacy Jalpaiguri Government college | College review | Placement, Cut off. 17K views · 4 years ago. #vivekagarwal #wbjee2021 ...
- College Review 2025: Most Underrated Pharmacy College | B Pharma & D Pharma Admission Process 2025 | GyanRoof Want to Talk?
- my college overall is very good and i like the management also as they are helping and the infrastructure is so good factulty are to ...",2026-04-27,Web Reviews (Serper),4,0.99,102,3.34,5.0,3.34,3.34,3.34,3.67
R0045,45,"Institute of Science and Technology, Paschim Medinipur","Collected online review snippets for Institute of Science and Technology, Paschim Medinipur:
- Really good infrastructure and teachers. Placements: 3 companies came to recruitments during our last year. But, the placement process is very bad. It is not ...
- Placements: Almost 71% of students got placed this year. The minimum package is 4 LPA, and the maximum is 16 LPA. The average is LPA 11.
- Good infrastructure with cleanliness and greenery, well-maintained campus, and facilities like playground, canteen, hostel, and ATM.
- The Institute of Science and Technology, Paschim Medinipur is a premier institution of higher education established in 2005.
- Glassdoor has 3 Institute of Science and Technology reviews submitted anonymously by Institute of Science and Technology employees. Read employee reviews and ...
- IIST Indore Review 2024 || Indore Institute of Science and technology College Review || Full Details Google Form:- ...
- Admission: The teachers at this college are super helpful and really know their stuff. They teach well and the course content is spot on.
- Institute of Science and Technology Hyderabad: Fees, Admission 2026, Courses, Cutoff, Ranking, Placement. Hyderabad, Telangana. 3.9. (5 Reviews) · JNTUH ...",2026-04-27,Web Reviews (Serper),4,0.94,105,3.3,5.0,5.0,3.3,3.3,3.98
R0046,46,Jadavpur University,"Collected online review snippets for Jadavpur University:
- 1. Low/negligible fees · 2. No student loan so students can more likely pursue postgraduate education · 3. Predominantly a research oriented ...
- Infrastructure: The college is good. Hostels are clean. The menu is good and cheap. It has clean labs, and toilets are provided. Medical facilities are also ...
- The placements of Jadavpur University is very impressive. They've been offered typically good packages in this recession. The placements of the ...
- I have friends in both JU and NIT DGP, and I understand that most people unanimously agreed that JU is one of the best colleges in the country.
- Poor infrastructure and old-fashioned buildings needing total renovation.Drinking water problems and washrooms in bad condition.Slow official process. Likes and ...
- The university has been ranked at 9 in NIRF 2024 rankings under the 'University' Category. The university was also ranked at 12 in NIRF 2024 rankings under the ...
- Yes, my university has best placement quality. Every year almost 97 percent students were placed. Highest salary package is 1.5 crore per year. Engineering ...
- Overall: My overall experience at the college has been decent. It's not perfect, but it's not terrible either. Academics are fairly organized, and some faculty ...",2026-04-27,Web Reviews (Serper),3,0.92,107,5.0,1.85,5.0,0.79,3.28,3.18
R0047,47,"Jalpaiguri Goverment Engineering College,Jalpaiguri","Collected online review snippets for Jalpaiguri Goverment Engineering College,Jalpaiguri:
- Placements: JGEC overall is a good college, and this year the highest placement is around 54 LPA. The average placement is around 10.5 LPA. The top recruiters ...
- Unbiased Review of JGEC · The faculty are very helpful and kind to the student.There is a very good coding culture. · The senoirs are very co- ...
- As a part of the institution,I must say it's a really great college situated in a spacious campus.Faculty is impeccable.Flawless management.
- We have the best infrastructure in our college, with well-furnished classrooms and labs that provide a beautiful environment to study and bond with our ...
- WhatsApp ""Guide"" to 8585951111 and jumpstart your career today! Jalpaiguri Government Engineering College BTech Review in 2 minutes #shorts ...
- I am a first-year undergraduate student at JGEC, and after spending seven months here, I want to give a proper, unbiased, and honest review of this college.
- Campus: The college has awesome infrastructure and the Wi-Fi works well. The labs have everything we need, and they give us all the lab manuals. The library has ...
- Cut-offs, placement, and fees of all Jalpaiguri government colleges under wbjee Let Review Site link: ...",2026-04-27,Web Reviews (Serper),4,0.99,104,3.34,5.0,5.0,3.34,3.34,4.0
R0048,48,"Jis College of Engineering, Kalyani, Nadia","Collected online review snippets for Jis College of Engineering, Kalyani, Nadia:
- I love this college for everything. The campus placements are very good. Infrastructure: The facilities are good and Wi-Fi in the college is also very good. The ...
- One of the Best private engineering college in Kolkata, established in 2000 is NAAC 'A' Certified Autonomous College. Its is among the Top 100 ...
- Very good infrastructure with good laboratory and classroom facility. Teachers are also very friendly and cooperative in all aspects. 5 years ago. Helpful.
- Reality of Jis college of engineering · I like the environment in this college it is open and safe. · No ragging happens in the college that is the best thing.
- Welcome to Education Ji! In this video, we take you on a complete campus tour of JIS College of Engineering, one of the top engineering ...
- Placements: Placements are decent, especially for CSE and IT branches. Many companies like TCS, Wipro, Cognizant, and Tech Mahindra visit the campus.
- Bad Management: Some reviews criticized the management for their poor administration and show-off attitude.Lack of Placement Support: A few users mentioned that ...
- JIS COLLEGE ME ADMISSION LENE KA SOCHO US COLLEGE KE HI BURE REVIEWS AANE LAGTE HAI..... ... And jinse bhi I asked the college I mentioned ...",2026-04-27,Web Reviews (Serper),4,0.99,114,3.34,5.0,5.0,0.85,3.34,3.51
R0049,49,"Jis University, Agarpara","Collected online review snippets for Jis University, Agarpara:
- The teaching quality is good, and the course is NMC approved. The semester exams are moderately tough, but regular classes and revision help. However, better ...
- Infrastructure is good. The classrooms are all well managed. There are A/C hall rooms and practical rooms, and a Wi-Fi facility is available.
- Good placement opportunities, on average 7lpa is the slary cap from this university. companies like amazon hire from this university.
- JIS University Review 2025 | Fee, Placement & Campus Life | Hidden Gems Revealed Thinking about taking admission in JIS University?
- The quality of placements at our college is quite good. 90% of the students from last year were placed at top companies, out of which 40% of them were placed at ...
- I love this college for everything. The campus placements are very good. Infrastructure: The facilities are good and Wi-Fi in the college is also very good. The ...
- Very good infrastructure with good laboratory and classroom facility. Teachers are also very friendly and cooperative in all aspects. 5 years ago. Helpful.
- Welcome to Education Ji! In this video, we take you on a complete campus tour of JIS College of Engineering, one of the top engineering ...",2026-04-27,Web Reviews (Serper),4,1.0,109,3.35,5.0,3.35,3.35,3.35,3.68
R0050,50,"Jld Engineering and Management College, Baruipur","Collected online review snippets for Jld Engineering and Management College, Baruipur:
- Faculty: The teachers in our college are very helpful. They are knowledgeable and qualified. Some faculty are M.Tech qualified, and some faculty have done PhD.
- Our college provides perfect infrastructure and education. Placements: Students are highly satisfied to study in this college. Almost 34% of the students in ...
- All college lectures are very helpful and very well certified.This is good our college review.Bad review semester fee are expensive. ...Read More.
- JLD College Of Engineering & Management in Belegachi, South 24 Parganas currently holds an average rating of 3.8 based on user reviews. Checking reviews before ...
- JLD College of Engineering and Management was established in the year 2010, and is one of the biggest educational institutes in West Bengal, India.
- JLD Engineering and Management College (JEMC) is a B.Tech Engineering College under ALL INDIA COUNCIL FOR TECHNICAL EDUCATION (AICTE) and MAULANA ABUL KALAM ...
- Read genuine student reviews and ratings of Jld Engineering and Management College to know real experiences. Get insights on academics, teaching quality.
- This place is good for starting but I don't intend to stay there for ever, how is the salary packages are not very good, and the campus is ...",2026-04-27,Web Reviews (Serper),3,0.93,112,1.14,5.0,1.14,3.29,3.29,2.77
R0051,51,"Kaji Nazrul University, Asansol","Collected online review snippets for Kaji Nazrul University, Asansol:
- Placements: Almost zero placements are there. The recruiting companies are not good. The offers are not good. Stipend is bare minimum. Seniors do not recommend ...
- Campus has good environment and faculties are supportive. · College infrastructure is poor and it can be improve · The environment is not much ...
- Kazi Nazrul university campus is neat and compact. Classrooms are fine, labs cover basics. Hostel is manageable. Canteen food is okay. Wifi is weak. Good for ...
- According to the reviews of some students, the highest package is around 8 Lacs per annum. Overall the placement condition is poor and very poor in courses ...
- Online Review Results and Grade Cards of UG Sem-VI Examinations, 2022. Download ... © 2026 Kazi Nazrul University. All rights reserved. Created by EBest ...
- Rankings & Ratings. Kazi Nazrul University is one of the top universities in Asansol, India. It is ranked #1201-1300 in Asian University Rankings 2026.
- The fees are too high for a government college. The faculty are quite good. Placement is moderate. There are no cultural activities. There are seminars and ...
- The reviews and ratings for Kazi Nazrul University indicate a mixed sentiment. The university has a rating of 3.3 out of 5 based on 713 reviews ...",2026-04-27,Web Reviews (Serper),2,-0.82,117,1.8,4.2,1.8,0.0,1.8,1.92
R0052,52,"Kalyani Goverment Engineering College, Kalyani, Nadia","Collected online review snippets for Kalyani Goverment Engineering College, Kalyani, Nadia:
- Infrastructure: The infrastructure is average. Labs are almost well equipped. Classrooms are moderate. Ethernet is available in the labs. The library is little ...
- Overall Kalyani Government Engineering College is a very good engineering college and the placements along with environment is quite satisfying.
- A short review of kgec · Environment is very good, Campus is very clean and Near to Station · Seniors are helpfull they help you to settle in ...
- Faculties are really very good. Placements are average and you can also sit in IT company 's interview. our robotics club has done really some ...
- 1. There is a decent placement standard in our college . 2.Approx 90% students is placed in my idea and average salary of 7-8 LPA and highest of 92LPA this year ...
- The faculty members are highly educated. Everyone has done Ph.D in their field. They are very friendly with the students. They help us with our ...
- The faculty is average at best. They often lack deep knowledge and their teaching style is pretty mechanical. There is favoritism towards hostel students, ...
- Overall: Amazing faculty, very good workshops and decent placement thats why this is one of the best college in west bengal after Jadhavpur ...",2026-04-27,Web Reviews (Serper),4,0.99,107,3.34,5.0,5.0,3.34,3.34,4.0
R0053,53,"Mallabhum Institute of Technology, Bishnupur, Bankura","Collected online review snippets for Mallabhum Institute of Technology, Bishnupur, Bankura:
- The college has a high accuracy placement rate. Approximately 85% is students are placed on campus, with the highest package is 8.0 LPA and an average package ...
- Faculty members are so good and helping nature. All teacher and professors are well qualified with industry experience. Every semester have 4- ...
- 90% recommend (8 Reviews). Posts. Mallabhum Institute of Technology is in ... 2026 for the students of Mallabhum Group of Institutions at Mallabhum Institute of ...
- Photos ; A. 74 reviews. 5.0 ; RAJU DAS. 1 review. 4.5 ; Ipsit mukherjee. 42 reviews. 4.0 ; Suman panja. 12 reviews. 4.0 ; Lakshmi. 11 reviews. 1.0.
- You will get a good infrastructure, helpful faculties, good internal marks. They have a tie up with Asian Institute of Technology(Bangkok) where ...
- According to Shiksha verified reviews, for the faculty Mallabhum Institute of Technology - MIT have rating of 3.98. It represents that Institute has good, ...
- Mallabhum Institute of Technology, Bankura has a placement cell that offers job opportunities to its students with good pay packages. Mallabhum ...
- I choose this college because of the good environment and separate from the main city. The fee structure of this college is comfortable compared to the other ...",2026-04-27,Web Reviews (Serper),4,0.99,105,3.34,5.0,3.34,3.34,3.34,3.67
R0054,54,"Maulana Abul Kalam Azad University of Technology, West Bengal","Collected online review snippets for Maulana Abul Kalam Azad University of Technology, West Bengal:
- The course is very good and knowledgeable. Exams are difficult, but students are brave and pass the exams with good percentages. Semester exams difficulty is ...
- The campus is decorated with well maintained flower gardens,a beautiful fountain is there & one playground. In one word you will surely love the ...
- The course offers decent value for money with affordable fees, good academic support, and basic facilities. While placements are average, students can gain ...
- The teaching quality of all the faculties were top notch. Practical sessions were interactive and understandable. · Mentors were provided and every month mentor- ...
- Still better than MAKAUT. CU has Nobel laureates, it ranks in top 10 in University Rankings. The course structure is not good and their methods ...
- Maulana Abul Kalam Azad University of Technology, West Bengal is one of the top Public universities in Haringhata, India. It is ranked #=574 in Asian University ...
- Read verified student reviews for Maulana Abul Kalam Azad University of Technology. Know the pros, cons, and overall experience on academics and campus.
- The university is ranked 157 under the Asian University Rakings- Southern Asia and 574 under Asian University Rankings in QS World Rankings 2026. Maulana Abul ...",2026-04-27,Web Reviews (Serper),4,1.0,123,3.35,5.0,5.0,3.35,3.35,4.01
R0055,55,"Mckv Institute of Engineering, Liluah, Howrah","Collected online review snippets for Mckv Institute of Engineering, Liluah, Howrah:
- A: MCKV Institute of Engineering provides good placements to students. The average and lowest package received in 2025 was 12 LPA and 4.2 LPA. The highest ...
- Overall, I would say that MCKV's CSE branch is very good.
- The company use modern software for accounting purpuse, work culture is very good. We work as a team, all staff are very supportive. Work life balance is also ...
- Working days are noisy outside the campusCampus is not as big as expected from an engineering collegeParking is a big problem for outsiders, ...
- I went to mckv institute of engineering because l like it . It is very beautiful college ???? nice reviews . it is one of the top private autonomous college.
- The college gives good placement help. Many students are placed in top companies like Infosys, Wipro, and Accenture. The highest salary goes up to 25 LPA, and ...
- MCKV Institute of Engineering College Review 2025 | Fee, Placement Full Campus Tour. MCKV Admission Helpline No: 8582815109 / 9800732768 ...
- Overall: Teachers are strict but very helpful and supportive.skills studies are mainly focused here not so much pressure on students. Function fest and all kind ...",2026-04-27,Web Reviews (Serper),4,0.98,113,3.33,5.0,5.0,3.33,3.33,4.0
R0056,56,"Meghnad Saha Institute of Technology, Kolkata","Collected online review snippets for Meghnad Saha Institute of Technology, Kolkata:
- The placement is quite good. All students got placed in various companies. The average package is 6 lakhs, the minimum is 4 lakhs and the ...
- According to Shiksha verified reviews, for the faculty Meghnad Saha Institute of Technology have rating of 3.95. It represents that Institute has good ...
- Placements: Dr Meghnad Saha Institute of Technology is a good college. 89% students were placed in our course. The highest average is 98% and the lowest average ...
- Explore an in-depth review of Meghnad Saha Institute of Technology (MSIT), Kolkata, covering crucial aspects like placements, fee structure, ...
- The size of the campus is very small and college does not have own playground. · The fee is higher as compared to other colleges in West Bengal.
- Review both of these colleges in terms of campus facilities, faculty behaviour, student safety protocol systems (like anti-ragging cells) and placements.
- Meghnad Saha Institute of Technology offers good value for money with moderate fees, decent placements, and solid academics, making it a reasonable choice for ...
- Direct Admission 91534 55568 / 8585099435 Direct Admission Enquiry: https://wa.me/message/ZF6JA2MFYOHWA1 Thinking of joining Meghnad Saha ...",2026-04-27,Web Reviews (Serper),3,0.95,113,3.31,3.31,1.88,3.31,3.31,3.02
R0057,57,"Murshidabad College of Engineering & Technology, Murshidabad","Collected online review snippets for Murshidabad College of Engineering & Technology, Murshidabad:
- A: MCET - Murshidabad College of Engineering and Technology has been rated 3.5 for faculty as per reviews by students. This represents that Institute has decent ...
- Murshidabad College Of Engineering & Technology in Cossimbazar Raj, Murshidabad currently holds an average rating of 4.1 based on user reviews. Checking reviews ...
- I choose CSE because of it's demand. Students are very productive. They always try to learn new things. Teacher's are very good. Very ...
- Murshidabad College of Engineering and Technology offers a decent infrastructure with well-equipped labs, a library, and computer facilities.
- The admission process is very simple, I took an entrance exam of CET, and I got admission as per my ranking. The application process is also simple, and it dont ...
- Not bad also not too good ... Murshidabad College of Engineering and Technology offers a decent infrastructure with well-equipped labs, a library, and computer ...
- Reviews · News ... Tech..Besides a robust teaching pedagogy, Murshidabad College of Engineering and Technology is also a leader in research and innovation.
- In this video I have reviewd Murshidabad College of Engineering And technology ✍✍✍✍College under WBJEE CHECK MY OTHER COLLEGE ...",2026-04-27,Web Reviews (Serper),3,0.82,107,3.2,3.2,1.04,3.2,3.2,2.77
R0058,58,"Narula Institute of Technology, Agarpara, Kolkata","Collected online review snippets for Narula Institute of Technology, Agarpara, Kolkata:
- Infrastructure: The infrastructure is quite good, and labs are quite equipped. Hostel wardens are too bad. They are not giving the food to other state students.
- Very Good, Awesome. It's a dream of many students to join there. It is one of the best institutes and competes with top notch institutes. It ...
- Overall a good college to start your career in the tech industry. · The curriculum is up to date, the faculties are well educated with enough ...
- Excellent faculty with good teaching and research experience.Good infrastructure, well-equipped labs, and libraries with multiple copies of books.
- Placements (As seniors told us): Placements are okay, mostly depends on your skill. Top branches like CSE, IT get decent offers. Agar coding ...
- Narula institute of technology has a modern infrastructure with wifi across campus, good quality well equipped labs, a moderate size library, auditorium, and ...
- Get Free Counselling: https://bit.ly/ShikshaCounselling Narula Institute of Technology BTech Review Find out what makes Narula Institute of ...
- Narula Institute of Technology College Review #Narula #jis_college · Comments. 158. Add a comment... 6:49. Go to channel Learn with Akash ...",2026-04-27,Web Reviews (Serper),4,0.99,115,3.34,3.34,4.77,3.34,3.34,3.63
R0059,59,"Netaji Subhas Engineering College, Garia, Kolkata","Collected online review snippets for Netaji Subhas Engineering College, Garia, Kolkata:
- The teaching quality is good with a focus on both theory and practice. Exams are of moderate difficulty. If students attend class and prepare well, the pass ...
- It's the 1st private engineering college in WB. · Faculty is good. · Good lab and infrastructure specially EE, ECE, AEIE, CSE, IT. · Some depts(EE, ...
- Faculty is educated and helpful. They are easily accessible by students and are always there to solve your doubts · Smart board and white boards ...
- The laboratories are very well and nicely equiped, the faculty is very encouraging and supportive. The college ensures wifi, projectors, indoor and outdoor ...
- Netaji Subhash Engineering College Review 2024 WBJEE & JELET | 60 LPA CTC | Placement, Fee, Cutoff? 4.4K views · 1 year ago.
- My friend studies in Netaji and she says that half of batch remains unplaced and other ls are hired by mass employers for 3lpa.
- This college has a very good infrastructure. The buildings are near and clean. Administration is really helpful. There is a library with more than 1 lakh ...
- Netaji Subhash Engineering College Review #nsec #wbjee #wbjee2024 Admission Enquiry Form: https://forms.gle/3Zc4nN7st2WCC8KA9 Direct ...",2026-04-27,Web Reviews (Serper),4,0.99,108,3.34,5.0,5.0,3.34,3.34,4.0
R0060,60,"Nshm Knowledge Campus, Durgapur Group of Institutions","Collected online review snippets for Nshm Knowledge Campus, Durgapur Group of Institutions:
- Teaching quality is very good. The course curriculum is relevant. The courses, as well as CLC classes, make us industry-ready. Exams are moderate enough to pass ...
- The course design is a proper blend of theoretical and practical knowledge. The campus life here is really good. Top-notch infrastructure and ...
- NSHM Knowledge Campus is rated 3.3/5, based on 100+ employee reviews on AmbitionBox. NSHM Knowledge Campus is highly rated for Work-life ...
- So no placements, no opportunities, no scope of learning, no scope to groom or improve yourself, nothing. Sudhu taka nosto.
- Some users appreciated the faculty and teaching quality, mentioning that teachers were knowledgeable, qualified, and helpful.The campus infrastructure was ...
- Direct Admission 91534 55568 / 8585099435 Thinking about joining NSHM Knowledge Campus, Kolkata? In this video, we give you a 100% honest ...
- I appreciate the location, campus environment and the faculty. The collage is situated in a convenient and peaceful area. The campus is well ...
- Campus is really good with good student-teacher relationship and 24*7 CCTV surveillance.The best feature is the campus is smoking and alcohol free.The college ...",2026-04-27,Web Reviews (Serper),4,0.98,111,3.33,5.0,3.33,2.55,3.33,3.51
R0061,61,"Om Dayal Group of Institutions, Uluberia, Howrah","Collected online review snippets for Om Dayal Group of Institutions, Uluberia, Howrah:
- The college is really nice, and overall, the college really gives better placement. The maximum placement is 12 LPA, and the minimum is 3.6 LPA.
- Omdayal Group Of Institutions in Midleton Row, Kolkata currently holds an average rating of 3.6 based on user reviews. Checking reviews before visiting or ...
- OmDayal Group of Institutions has decent infrastructure with labs for engineering and architecture with proper equipment and dedicated space, digital classrooms ...
- OmDayal Group of Institutions average salary package offered is Rs 3.5 LPA. As per the last 3 years placement statistics available, OmDayal Group of ...
- The teaching quality is quite impressive and classes are conducted regularly. Assignments and projects help build real understanding. The campus is clean and ...
- The faculty and even the atmosphere here is very good. The location too is very good as the college is in the middle of a industrial growth ...
- What I Liked. The library is good and all books are available. The college infrastructure is good. The gardens with various flowers give a positive vibe.
- Experienced professionals helped me understanding the subject. Professors are ready guide about everything we show interest in. +1 More. Dislikes. very small ...",2026-04-27,Web Reviews (Serper),3,0.99,112,3.34,5.0,1.91,3.34,3.34,3.39
R0062,62,"Pailan College of Management & Technology, Pailan Park","Collected online review snippets for Pailan College of Management & Technology, Pailan Park:
- Most of the teachers are knowledgeable, qualified, and approachable. Teaching quality is too good. The course curriculum is largely relevant and covers ...
- Many students appreciated the faculty and staff members for being helpful, friendly, and supportive.A few reviewers mentioned that the college has good ...
- This college is nearest college of Hotel Management to study. This college is renowned. The university is good. Out college is also good. Faculties give good ...
- Poor faculty and unstructured curriculum. · No exposure, no club, no grooming, no industry ready facilities for students. · No summer internship ...
- However, with an overall rating of 2.6 out of 5 from over 17 employee reviews, it's clear that most employees have a below average experience ...
- There is a huge library and a computer lab with high-speed internet. There are AC classrooms with whiteboards. The food quality could be improved a bit. Four ...
- Reviews. College Infrastructure. 3.4/5. Academics. 3.3/5. Placements. 2.5/5 ... Overall, Pailan College of Management and Technology seems to have a good ...
- Pailan College of Management & Technology. PCMT is committed to provide the highest quality education to its students in both UG & PG Levels.",2026-04-27,Web Reviews (Serper),3,0.98,104,3.33,5.0,3.33,0.84,3.33,3.17
R0063,63,"Ramkrishna Mahato Government Engineering College, Purulia","Collected online review snippets for Ramkrishna Mahato Government Engineering College, Purulia:
- Placements: Placements in this college is pretty good and quite impressive. In this college 80% students got placed. Many well known companies visit this ...
- Rating Summary · A supportive campus offering strong academics and growth. · RKMGEC is a good college if you join it will be worth it · College is good for Purulia.
- The campus is well-maintained and has a peaceful environment.The faculty is supportive and helpful.The college has separate floors and classrooms for each ...
- Frankly No, it's not a good college. I don't know if you're much aware of TFW quota. With this quota the entire btech fees will be approx 1 lakh ...
- College Review on Ramkrishna Mahato Government Engineering College, Purulia | By Easy2Learning Link of the document: ...
- They are highly qualified. Our workshop, lab condition is so poor. They are lot of machine available but the maintenance criteria is very poor.
- According to him the college has decent infrastructure and average faculty. Hostel doesn't have wifi facilities till now but they'll get it ...
- A: Ramkrishna Mahato Government Engineering College has been rated 4.5 for faculty as per reviews by students. This shows that Institute has qualified and ...",2026-04-27,Web Reviews (Serper),3,0.82,108,3.19,5.0,3.19,0.88,3.19,3.09
R0064,64,"Rcc Institute of Information Technology, Kolkata","Collected online review snippets for Rcc Institute of Information Technology, Kolkata:
- RCC Institute of Information Technology, Kolkata has been rated 3.9 for faculty as per reviews by students. This represents that Institute has decent, qualified ...
- The placements are moderate-good with 86%campussing this year.With MNCs like TCS/CTS/Infosys(any 1),capgemini and tech mahindra for sure each ...
- An in depth journey -Rcciit--where knowledge meets opportunities · Faculty are very knowledgeable and you can feel to free ask any doubt ...
- No attendance pressure. 2. Some teachers are friendly and some are not. 3. Most of the teachers are old fashioned and do not have passion for ...
- Rating Summary · Good College with great infrastructure · Its decent just don't expect too much. · Excellent learning, vibrant and engaging social life. · Overall a ...
- A: RCC Institute of Information Technology, Kolkata has been rated 3.5 on placements on the basis of 251 reviews done by students.
- RCC Institute of Information Technology (RCCIIT) – Fees, Placements, Admission Guidance & Support Generation
- RCC Institute of Information Technology, Beliaghata was established in 1999. With over two decades of experience in the field of education, the institute has ...",2026-04-27,Web Reviews (Serper),3,0.97,98,3.33,5.0,0.86,3.33,3.33,3.17
R0065,65,"Regent Education and Research Foundation, Barasat, Kolkata","Collected online review snippets for Regent Education and Research Foundation, Barasat, Kolkata:
- The highest package offered was 4 LPA. Many students are getting internships as well. Infrastructure: The classrooms are very good. The quality of the canteen ...
- Pathetic college politics and very poor salary. Teachers are given target for admission of students. Quality of students admitted are also very ...
- Some users mentioned that the staff and invigilators were helpful and polite.The campus is large and well-maintained, with good infrastructure.The environment ...
- They are really good at technical and with lot of innovative projects and ideas. I just did few consultation from them, and they helped me for ...
- According to the students' review on Collegedunia, RERF offers hostel facilities to the students, which charges around INR 1,000 without food and INR 3,000 with ...
- Details ; 󰡍. 88% recommend (12 Reviews) ; 󰛏. Always open ; 󰘛. Bara Kanthalia, Sewli Telini Para North 24 Parganas, Barrackpore, Barrackpore, India, 700121 ...
- Nice collegues and superiors. OK for beginners. Cons. Stressful work condition, Location outskirts from the metropoliton. Salary not satisfactory. Show more.
- Because does not study here. The teachers take the money themselves, the college doesn't know and the students also don't understand.",2026-04-27,Web Reviews (Serper),3,0.91,107,3.27,5.0,3.27,0.78,3.27,3.12
R0066,66,"Sanaka Education Trusts Group of Institutions, Durgapur, Burdwan","Collected online review snippets for Sanaka Education Trusts Group of Institutions, Durgapur, Burdwan:
- Placements: It is a good college for placements, and internships are also good. Many companies are visiting this college. MBBS degree is also offered here.
- Sanaka Educational Trusts Group Of Institutions in Malandighi, Durgapur currently holds an average rating of 3.7 based on user reviews. Checking reviews before ...
- It was a really good experience working there, the department Doctors are skilled and talented, working environment is good, GDA and house keeper are good, ...
- The college has a good infrastructure with all facilities like library, labs and hostels. The college has adequate teaching faculty with a count of 85 .The ...
- Sanaka Educational Trust's Group of Institutions ; Details. 󰡍. Not yet rated (0 Reviews) ; Links. 󰤂. icampus.setgoi.ac.in ; Contact info. 󰛪. +91 84440 30010.
- Infrastructure: The classrooms and hostel are really good. Also, the infrastructure. The canteen is average. Hostel food is also are average it could be better ...
- SETGOI Durgapur is approved by AICTE and the Council of Architecture and has various disciplines to ensure quality education. Sanaka Educational ...
- Sanaka Educational Trust's Group of Institutions has a work-life balance rating of 4.4 out of 5 based on 20+ employee reviews on AmbitionBox. 69% employees ...",2026-04-27,Web Reviews (Serper),3,0.99,115,3.34,3.34,1.19,3.34,3.34,2.91
R0067,67,"Seacom Engineering College, Sankrail, Howrah","Collected online review snippets for Seacom Engineering College, Sankrail, Howrah:
- Best Engineering College in Howrah. Placements: College gave placement to 60% of total students. The highest package offered is 3.5 Lacs per annum.
- Reviews for Seacom Engineering College in Alampur, Howrah ... Excellent Service.. Staff also nice.. you can reach there buy bus,train. 10 years ago.
- After getting admitted in college I found faculty members very helpful and knowledgeable. Our class has 90 students in total faculty and student ...
- Salary not on time, slow growth, no job training for ne joiners. Around 60k of my salary not given yet. Poor management. Absolute unprofessional ...
- Seacom has SIGNIFICANTLY increased at QUALITY and in all spheres because the college as a whole, has IMPROVED DRAMATICALLY, yes I repeat, ...
- Seacom Engineering College, Howrah facilities offer a well-equipped boys' and girls' hostels, ensuring comfortable living spaces. Seacom ...
- Irregular disbursement of salary, No increments in salary for years, disparity of salary for same designation. Dishonest Accounts department & Management, ...
- In this video I have reviewed Seacom Engineering College, Howrah ✍✍✍✍College under WBJEE CHECK MY OTHER COLLEGE REVIEWS Top 10 ...",2026-04-27,Web Reviews (Serper),3,0.96,112,3.32,5.0,3.32,0.83,3.32,3.16
R0068,68,"Seacom Skills University, Bolpur","Collected online review snippets for Seacom Skills University, Bolpur:
- It is one of the best colleges for agriculture. Placements: 80% of students are placed in our course. The lowest package is 3.6 LPA, the highest package is 7.2 ...
- Likes. Strong academic environment understanding,High Level of administrative support,quick to resolves issues for faculty,students and ...
- Seacom Skills University in Sattore, Bolpur currently holds an average rating of 4.1 based on user reviews. Checking reviews before visiting or availing ...
- Validity of degree is not important. Somehow they have manged the affiliation by malpractice. This is perhaps the worst private university in West Bengal.
- Overall very good · Very nice campus and nice environment. They helps to improve and complete my degree. · Helps to improve my knowledge and depth. Supply all ...
- The Academics at Seacom Skills University is wonderful. I have completed my Masters degree in Zoology from here (2021-23 Batch).The Labs were excellent and the ...
- 8 reviews · Very Good Place to Work at Seacom Skills University · Very friendly atmosphere and perfect Work atmosphere · A Remarkable College I have ever Seen ...
- Overall: My overall experience at this college has been truly rewarding. The campus offers a positive learning environment with supportive faculty who are ...",2026-04-27,Web Reviews (Serper),4,1.0,110,3.35,5.0,1.19,5.0,3.35,3.58
R0069,69,"Siliguri Institute of Technology, Siliguri","Collected online review snippets for Siliguri Institute of Technology, Siliguri:
- Placements: Almost 80% were placed in our college, our college placement percentage is decent. The highest package offered is 51 LPA, and the lowest package ...
- Its one of the top institute of Odisha also you can say it top in East India. The atmosphere is very lovely. You will enjoy your life and 4 ...
- A wonderful college of engineering · The college campus is very big and beautiful · The WiFi offered by the college is good enough to stream high speed data. +1 ...
- Siliguri Institute Of Technology in Sukna, Siliguri currently holds an average rating of 4.1 based on user reviews. Checking reviews before visiting or availing ...
- Siliguri Institute of technology full review /fest,campus tour,placement / SIT COLLEGE ...
- Likes. Saturdays and Sundays are off. Dislikes. The culture is horrible with a lot of silos. The HR policies are a century old with no ...
- Siliguri Institute of Technology Reviews ... The university provides a balanced environment for both academic and personal growth. The faculty members are well- ...
- Student Reviews for SIT Darjeeling. 3.9/5(42 Reviews). College ... Narula institute of technology vs Siliguri institute of technology.... which ...",2026-04-27,Web Reviews (Serper),4,0.95,106,3.31,3.31,4.74,3.31,3.31,3.6
R0070,70,"Sister Nivedita University, New Town","Collected online review snippets for Sister Nivedita University, New Town:
- It makes students industry-ready. The exams are difficult, but around 80% of students pass. Our faculty members are friendly and well-educated. Other: I am ...
- In 2022, the placement percentage was 81%, and in 2021 it was 69%. 99% of students in the course get placed, with a highest package of around 44 ...
- Everything about the university is good, except for its management. They are unhelpful, and you'll find yourself running from person to person ...
- The placements in our college is decent. The average salary package a student used to get from our college was around 4lakhs to 5 lakhs per annum.
- The university has good infrastructure and a beautiful campus.A few reviewers appreciated the faculty members who were supportive and helpful.
- Sister Nivedita University Kolkata: Should I choose? 51 LPA Fees Cut-off Pros/Cons Honest Review · Comments.
- I've had a great experience at this college so far. The faculty is supportive, the campus environment is friendly, and there are plenty of opportunities for ...
- Overall, its a nice college if you want to work in labs and learn the techniques and get handy with the instruments but regarding placements, its a drawback.",2026-04-27,Web Reviews (Serper),4,1.0,98,3.35,5.0,5.0,3.35,3.35,4.01
R0071,71,"St. Thomas College of Engineering & Technology, Khidirpur, Kolkata","Collected online review snippets for St. Thomas College of Engineering & Technology, Khidirpur, Kolkata:
- Professors - The Maths faculty is genuinely good, no complaints there. · Discipline - Fairly strict. · Labs - OK, nothing special, but nothing bad ...
- The teaching quality is excellent. The course curriculum is little to barely relevant to what the current industry asks from an engineer these days. The ...
- Their teaching quality was good. Students can understand easily. The course curriculum was relevant but does not make students industry-ready. Semester exams ...
- Education are good, some faculties are really great.Teaching methods are good. Campus is so interactive. Teachers are always there for the support, mentoring ...
- According to AmbitionBox reviews, St. Thomas' College of Engineering & Technology employees rate their salary and benefits at 2.8 out of 5, ...
- Infrastructure is a old building with sufficient lab and classes. Not very bad. It's in a school campus which more than 100 years old.
- ... Tech in Electrical Engineering, - Internships at prestigious organizations such as IEEE, IIT KGP, NPTI, South Eastern Railway, Eastern ...
- The college is very strict regarding ragging and hence as a fresher I never faced any issue with the seniors. That is why the seniors are also very friendly and ...",2026-04-27,Web Reviews (Serper),3,0.99,104,3.34,1.91,0.84,3.34,3.34,2.55
R0072,72,"Supreme Knowledge Foundation Group of Institutions, Mankundu, Hooghly","Collected online review snippets for Supreme Knowledge Foundation Group of Institutions, Mankundu, Hooghly:
- Infrastructure: College library and labs are good. Classrooms are spacious. Wi-Fi connection is poor. A huge amount of books are available in the library, ...
- Many users complained about poor placements or no placements at all for job candidates.Some reviews mentioned bad behavior by teachers during ...
- The campus environment is also excellent, situated walking distance to Mankundu railway station, the campus is surrounded by greenery and security alone the ...
- A perfect blend of learning and campus life at SKFGI · Faculties are helpful You can ask any doubt any time they are always available; College is neat and clean ...
- 1. Poor administration. 2. U will not b rewarded for your good works from your higher level. 3. There is always a spy around u taking a note of almost every ...
- Supreme Knowledge Foundation has been ranked 2nd among all Engineering Institutes in West Bengal by The Times of India! This prestigious recognition ...
- Best engineering and Management college. Best Engineering and Management faculty with learning from top industry leaders. Guaranteed placements.
- Student Reviews for Supreme Knowledge Foundation Group of Institutions, Hooghly. 3.8/5(21 Reviews). College Infrastructure: 3.9/5. Academics: ...",2026-04-27,Web Reviews (Serper),3,0.96,115,3.32,5.0,5.0,0.82,3.32,3.49
R0073,73,"Swami Vivekananda Institute of Science & Technology, Sonarpur","Collected online review snippets for Swami Vivekananda Institute of Science & Technology, Sonarpur:
- Placements: It is the best college in south Kolkata. Placements are also very good in our college. In my stream, about 86% of students get placed this year. The ...
- Few faculties are really amateur. they do not teach that good. · the canteen has limited food. and quality is overall decent.
- Infrastructure/campus - beautiful but small campus · Hostel - Good,but costly · Education - Okayish, but not bad. However , it all comes down to ...
- Swami Vivekananda Institute Of Science & Technology in Dakshin Gobindapur, Kolkata currently holds an average rating of 4.3 based on user reviews. Checking ...
- Swami Vivekananda Institute of Science & Technology 2025 | College Review #wbjee2025 For Admission: Call Now: +91 8910 367916 WhatsApp ...
- The teaching quality is good. The curriculum is helpful. Semester exams are difficult. The pass percentage is 40%. Other: It is a very good college. This ...
- Swami Vivekananda Institute of Science and Technology is accredited by the National Assessment and Accreditation Council (NAAC) and All India ...
- The college has a good reputation for student placement in reputed companies. The teachers are caring and help students find their way to get a satisfactory job ...",2026-04-27,Web Reviews (Serper),4,0.99,107,3.34,5.0,3.34,3.34,3.34,3.67
R0074,74,Swami Vivekananda University,"Collected online review snippets for Swami Vivekananda University:
- It has well-furnished and AC classrooms. The labs are very well-equipped with all the necessary amenities. Hostels are very neat and clean. The food is totally ...
- Swami Vivekananda University is good for admission. · The college was very affordable atleast for me it was at the time now the fee structure ...
- Swami Vivekananda University, Barrackpore | Full College Review 2026 | Fees, Admission, Placement Are you planning to take admission in ...
- The quality of placement in our college is fine and need to be improved. Around 80℅ of our students got placed every year and thr highest salary package in ...
- Infrastructure/campus - beautiful but small campus · Hostel - Good,but costly · Education - Okayish, but not bad. However , it all comes down to ...
- Warning: Do Not Enroll in This College. · Corrupt Faculty: The teachers behave like businessmen, refusing to help students with academic issues.
- The campus is well-maintained and decorated, with a beautiful environment for study.The faculties are knowledgeable, experienced, friendly and approachable.
- This is the most genuine and updated 2025 review of Swami Vivekananda University, Barrackpore. In this video, I cover: Course & Fees ...",2026-04-27,Web Reviews (Serper),4,0.97,101,3.33,5.0,5.0,3.33,5.0,4.33
R0075,75,"Techno Engineering Collge Banipur, 24 Parganas-North","Collected online review snippets for Techno Engineering Collge Banipur, 24 Parganas-North:
- The placement scenario in our college is very good. Every year, 80% of students get placed in companies like TCS, Wipro, Capgemini, Ola, Uber, Paytm, Accenture ...
- THE COMPANIES VISIT IS ALMOST 30+. HIGHEST SALARY OFFERED IS 12 LPA ON CAMPUS,AND 4.5LPA IS AVERAGE OFERED.ABOUT 80 PER CENT OF THE BATCH GETS ...
- The best college in my point of view. Placements: Average placement is 3.5 LPA. T he highest package is 12 LPA. At least 75% students got internship. ... depends ...
- TECB is one of the popular engineering colleges in Habra, West Bengal. The institute has a campus spread over 10 acres and is AICTE approved.
- A: Techno Engineering College, Banipur has been rated 4.3 for faculty as per reviews by students. This shows that Institute has qualified and experienced ...
- Faculty of this college is nice. They are helpful and also if you stuck in any problem they are always there to help you out. They are highly knowledgeable and ...
- The faculties are average and approaching.This college doesnot provide free internet connection. The playground is too short to play sports.
- Affiliated College Approved By Private Un-Aided ESTD 2008 Maulana Abul Kalam Azad University of Technology, West Bengal State Public University AISH Rank C- ...",2026-04-27,Web Reviews (Serper),4,0.98,120,3.33,5.0,3.33,3.33,3.33,3.66
R0076,76,"Techno India University, Salt Lake","Collected online review snippets for Techno India University, Salt Lake:
- The labs are good, the location is optimum and the facilities are very good. Food not so much in the canteen, but just outside on the sidewalk best category ...
- Placement wise, 50% of the students receive 2 offers and 100% placement is achieved every year. The main question is, is it better than UEM, ...
- Its our lovely college TIU · The faculty are well taught and the campus is very beautiful . The buildings are like newly bulid . and the campus ...
- Techno India University offers decent value for money with comparatively affordable fees, good academic resources, and satisfactory placement support, though ...
- Don't take admission in TIU. It's basically a place where rich kids go to enjoy their college years. No hope for placements.
- It is one of the best colleges in West Bengal regarding placements. Its placement record for the senior batch was 80%. The packages ranging between 2.4-6.5 Lacs ...
- Overall: College have all the necessary facilities and equipments. Classrooms are very good with projector screen on classess. Our institution ...
- Based on the EDUopinions rankings, the Techno India University rating is 3.0. If you want to know more about this school, read the student reviews on our ...",2026-04-27,Web Reviews (Serper),4,1.0,109,3.35,3.35,5.0,5.0,3.35,4.01
R0077,77,Techno International Batanagar,"Collected online review snippets for Techno International Batanagar:
- Not a lot of assistance is provided. But the placement history is quite good. Most students get placed. The highest package is around 32 Lacs per annum.
- The placements are pathetic, the teachers are partial and you won't get your concepts clear. It will seem great from the outside but once you're ...
- The placement opportunities are pretty decent. Although the initial package is not much but those will increase with time. More over talking ...
- Techno International Batanagar College Review || Top Engineering College In Kolkata ||. 4.9K views · 3 years ago.
- Techno International Batanagar, Kolkata. 3507 likes · 15 talking about this ... 86% recommend (13 Reviews). 󰛏. Closed now. 󰘛. B7-360/ New, Ward No. 30 ...
- TIB is a good college located in a peaceful environment with greenery and lake around it. Faculties give efforts on every student to be better everyday.
- Techno Group (Techno International Batanagar) Honest Review | Diploma & B.Tech Students | Before Admission Must Watch| Thank You WBJEE & JELET ...
- According to Shiksha verified reviews, for the faculty Techno International Batanagar have rating of 3.68. It represents that Institute has good, qualified and ...",2026-04-27,Web Reviews (Serper),4,0.99,111,3.35,3.35,5.0,3.35,3.35,3.68
R0078,78,"Techno International New Town, Rajarhat, New Town","Collected online review snippets for Techno International New Town, Rajarhat, New Town:
- Placements: The placement is average, and the college is average. Don't keep high expectations, you have to work on yourself. But it is quite decent compared to ...
- The teachers and students are very friendly so interacting is very easy. Teachers are mostly experienced and quite knowledgeable in their field of expertise.
- I got 31.5k rank in WBJEE and I'm considering taking admission in B. Tech. CSE here because the fees are lower than many other options, and I live nearby.
- The college has good infrastructure. The classrooms are neat and clean. The labs are perfectly maintaned and the network is superfast. The college also has ...
- Techno International New Town Review | Campus , Cutoff , Placement | Top wbjee College , Jee Mains For direct / Management quota admission ...
- College is average and yet to mark its name in top colleges. Placement is not good. NSEC and Asansol CE have better placement then this college.
- Techno International Newtown, formerly Known as Techno India College Of Technology, is an engineering college in West Bengal, India.
- Techno International New Town (TINT) is among the top engineering colleges in Kolkata West Bengal which offers the best Engineering and Management Courses.",2026-04-27,Web Reviews (Serper),4,0.99,115,3.34,5.0,5.0,3.34,3.34,4.0
R0079,79,"Techno Main Salt Lake, Sector-V, Salt Lake","Collected online review snippets for Techno Main Salt Lake, Sector-V, Salt Lake:
- Techno Main Salt Lake has a review rating of 3.9 based on student reviews. It has also been rated 4 on campus life, 3.9 on placements, 4 on faculty, and 3.9 on ...
- TECHNO MAIN SALT LAKE . A STUDENT PERSPECTIVE . · good academic . brilliant faculty support . labs are excellent · the interaction between ...
- Techno Main Salt Lake is the main campus of techno group. Quality of education is not good here. This college has a lots of politics inside.
- How is Techno as a college Environment Placements( average placement for cse) Rules and regulations College life And overall as a college to ...
- Techno India (Main) Salt Lake - College Review: Cut Off | Fees | Placements | Rankings | Campus Life · Comments. 58. Add a comment...
- It has good infrastructure. Classrooms are good and windy. Benches are good. There are big windows. Classrooms feel so nostalgic. Even the college has two ...
- Institute of Engineering and management Kolkata and Newtown previously UEM Kolkata college review Hindi For direct admission inquiries: +91 ...
- Techno Main Salt Lake Cutoff 2025. Techno Main Salt Lake cutoff 2025 was ... Techno Main Salt Lake has a review rating of 3.9 based on student reviews.",2026-04-27,Web Reviews (Serper),3,0.97,123,3.32,3.32,3.32,3.32,3.32,3.32
R0080,80,"UNIVERSITY INSTITUTE OF TECHNOLOGY, BURDWAN UNIVERSITY","Collected online review snippets for UNIVERSITY INSTITUTE OF TECHNOLOGY, BURDWAN UNIVERSITY:
- Infrastructure: Facilities here are above average but not best. Infrastructure is quite good. Lab is air-conditioned. Computers are back date, but still work ...
- There is lack of faculty, efficient teaching, infrastructure. Most of the university students have no will to learn. People there run after ...
- The campus is quite big and spacious. Faculties are well qualified and teach well. Placement opportunities are getting better every year. · Faculties are well ...
- University Institute Of Technology in Amrai Housing Board Colony, Bhopal currently holds an average rating of 3.7 based on user reviews. Checking reviews before ...
- Admission: The teachers know their stuff but aren't very helpful. The course is good and teaches things that matter. Exams are okay. About 30% of students pass.
- Infrastructure: The quality of classrooms is good but hostel quality is not good. Wi-Fi labs is here and classrooms and board are not clean and so dusty. Hostel ...
- ... -- shiksha.com link :- https://www.shiksha.com/college/university-institute-of-technology-the-university-of-burdwan-bardhaman-24544/cutoff ...
- University Institute Of Technology in Aralumoodu, Thiruvananthapuram currently holds an average rating of 3.9 based on user reviews. Checking reviews before ...",2026-04-27,Web Reviews (Serper),4,0.97,104,3.33,5.0,5.0,3.33,3.33,4.0
R0081,81,UNIVERSITY OF ENGINEERING AND MANAGEMENT KOLKATA,"Collected online review snippets for UNIVERSITY OF ENGINEERING AND MANAGEMENT KOLKATA:
- The teaching quality is good, focusing not only on theory but also on practical learning and projects. The curriculum is regularly updated to keep it industry- ...
- The college has the best infrastructure among all the private universities in Kolkata. Besides, it has highly qualified and skilled faculties ...
- Always talked about how unnecessarily strict everything was there, however, it was reputed to be one of best or rather THE BEST private ...
- The University of Engineering and Management (UEM), Kolkata has an excellent placement record with top national and international companies recruiting students ...
- The teaching quality is very good. The course is relevant and makes students industry-ready. Semester exams in the college are really difficult; the pass ...
- Institute of Engineering & Management is a private college located in Kolkata, West Bengal, India. It is the oldest private engineering ...
- What Students Say · College canteen is not so good. the food they provide its not good · The average package is very low . last placements were not so good .
- IEM Kolkata was ranked among the top 200 colleges in India in 2021 under the 'Overall' and 'Engineering' categories. Despite dropping several positions in the ...",2026-04-27,Web Reviews (Serper),3,0.99,109,3.34,1.19,1.19,3.34,5.0,2.81
R0082,82,"UNIVERSITY OF KALYANI, KALYANI","Collected online review snippets for UNIVERSITY OF KALYANI, KALYANI:
- Their teaching quality is good. They are experienced. Semester exams are too difficult at this college. The pass percentage is 55%. The course curriculum is not ...
- The faculties here are awesome. · We have good placements and very good research facilities. · Students here can apply for student exchange ...
- Overall placements are good for beginners. Average lpa offered is somewhere around 3-6 lakhs per annum. Teachers and seniors and ex seniors will help out if ...
- Pros: 1. Result: You get what you deserve, not less not more. If you study more you'll be in top ten in your batch. 2. Teachers: Friendly but ...
- KALYANI UNIVERSITY | UNIVERSITY OF KALYANI | KALYANI UNIVERSITY REVIEW Admission Helpline Admission enquiry form ...
- Overall good university · The distance student don't have any particular classroom so we all who study by distance they all need a particular ...
- The university has an NAAC A+ grade of accreditation, and this is a good indicator of quality in the academic field in India. It has a very ...
- University of Kalyani is rated 3.8/5, based on 20+ employee reviews on AmbitionBox. University of Kalyani is highly rated for Work-life ...",2026-04-27,Web Reviews (Serper),4,0.96,98,3.31,5.0,3.31,3.31,3.31,3.65
R0083,83,University Of Calcutta,"Collected online review snippets for University Of Calcutta:
- Overall, the college has a very nice vibe. Faculty: Our college has good faculty members and teachers. They are helpful with seamless communication, even via ...
- Campus- All three campus of CU(B.Tech) are good,clean and reachable from any part of Kolkata · Teachers- For 1st year the teachers are mostly ...
- Great college, open minded very free teacher was frank very friendly behaviour and the great place and a great environment to study and learn. The teachers are ...
- The university is pretty good and St Xavier's College is one of the best in the country as far as reputation is concerned.
- Based on the EDUopinions rankings, the University of Calcutta rating is 4.2. If you want to know more about this school, read the student reviews on our website ...
- University of Calcutta, Kolkata, West Bengal** college review. **Calcutta University college review. Can we get admission here with JEE Main ...
- It is probably the worst university of West Bengal. This university has a very bad system. It gives students the most pathetic marks of all time. Every ...
- https://wa.me/91858595... University Of Calcutta Review : Courses, Fees, Ranking, Placement Find out what Calcutta University students are ...",2026-04-27,Web Reviews (Serper),4,0.98,109,3.33,5.0,5.0,3.33,3.33,4.0
R0084,84,West Bengal University of Animal & Fishery Sciences,"Collected online review snippets for West Bengal University of Animal & Fishery Sciences:
- The campus is very good. There is not much crowding on campus. The transport facility is very good. The market is very near the campus. Reviewed on 2 Dec 2023 ...
- The university has pretty good faculties. Our college has a 1: 6.5 faculty: student ratio. The qualification of the faculty is great.
- It's a very new University and the infrastructure is limited. Teachers are good. University administration is horrendous.
- Overall the college is very good. students should come here. ... My college is very good. There are many events and functions held in my college. Our college ...
- Placements: Nearly 85%–90% of students get placed. The highest salary is recorded at 45 lacs per annum and an average salary is about 10 lacs per annum.
- WBUAFS is a institute in West Bengal offering over 8 courses. Read for details on WBUAFS Fees, Admission 2026, Courses, Placement, Ranking, Reviews and ...
- Admission: The professors are really good at teaching and always ready to help. The courses are super useful for your career. The semesters are not too hard ...
- What I Liked. There are a number of reasons to like about the college infrastructure, faculty and campus life. All the essential books and research papers ...",2026-04-27,Web Reviews (Serper),3,0.99,107,3.34,3.34,3.34,3.34,3.34,3.34
